uid,transition,phase,gold,base_ans,cand_ans,add_ans,add_tie,m_B,m_C,m_add,err_l2,shift_l2,zC_A,zC_B,zC_C,zC_D,zadd_A,zadd_B,zadd_C,zadd_D,zB_A,zB_B,zB_C,zB_D
train:1029_2,repair,RERANK,A,C,A,A,False,-4.249999776482582,3.7500000447034836,4.9999991953372955,1.4577381743207,9.522998559128915,4.812500033527613,1.062499988824129,-3.93750024959445,-1.9374997727572918,5.812499595806003,0.8125004004687071,-3.68749956227839,-2.9375004339963198,-0.8124998845160007,1.4374998770654202,3.4374998919665813,-4.062499884516001
train:105_0,repair,RERANK,C,B,C,C,False,-2.0000001043081284,0.5,0.5000003725290298,1.1775897717785073,3.363406047765253,0.4374999403953552,-0.5624999403953552,0.9374999403953552,-0.8124999403953552,-0.09374984726309776,0.40624966099858284,0.9062500335276127,-1.2187498472630978,-0.4375000260770321,2.3125000782310963,0.3124999739229679,-2.187500026077032
train:1073_2,repair,RERANK,A,B,A,B,False,-0.25,0.0,-0.2500000298023224,0.9354148644189318,1.749999846730916,2.1874999403953552,2.1874999403953552,-3.3124999403953552,-1.0624999403953552,1.6874996051192284,1.9374996349215508,-3.3124996200203896,-0.31249962002038956,1.3125000298023224,1.5625000298023224,-1.9375000298023224,-0.9375000298023224
train:1113_2,repair,RERANK,C,B,C,C,False,-1.7499999701976776,1.0000000298023224,0.24999970197677612,1.1592025304663387,2.669269426236914,-1.999999888241291,1.7499998733401299,2.7499999031424522,-2.499999888241291,-1.874999776482582,2.5000000447034836,2.7499997466802597,-3.375000014901161,-1.4999999925494194,2.249999977648258,0.5000000074505806,-1.2499999925494194
train:329_1,repair,RERANK,B,A,B,B,False,-0.25,1.75,2.0,1.6441182299733947,1.8157300285124602,6.3125,8.0625,-7.6875,-6.6875,6.874999955296516,8.874999955296516,-7.749999955296516,-7.999999955296516,6.7499998807907104,6.4999998807907104,-6.9999998807907104,-6.2499998807907104
train:40_0,repair,RERANK,D,C,D,D,False,0.0,0.7500000298023224,0.5,0.44633889911314295,1.2670706547219874,-1.9374999478459358,-3.437499947845936,2.3124999329447746,3.062499962747097,-2.2812496721744537,-3.4062496721744537,2.5937496721744537,3.0937496721744537,-1.7187501192092896,-2.5937501192092896,2.1562501192092896,2.1562501192092896
train:427_0,repair,RERANK,A,C,A,A,False,-1.7499999850988388,1.4999999850988388,1.9999999850988388,0.5694015605850605,4.218634232062968,5.4374998696148396,-3.06249987706542,3.9374998845160007,-6.31249987706542,5.906249281018972,-3.3437509573996067,3.9062492959201336,-6.468747619539499,2.75000012293458,1.2293457984924316e-07,4.500000108033419,-7.250000353902578
train:589_2,repair,RERANK,B,C,B,B,False,-1.5000000149011612,7.749999854568159,4.750000171363354,2.598076915697811,6.585969862516026,-5.43749996364204,9.56249989092612,1.8125000363579602,-5.93749996364204,-6.187500732019544,8.81250081770122,4.062500646337867,-6.687500732019544,-4.937499884516001,4.56249987706542,6.062499891966581,-5.687499884516001
train:605_2,repair,RERANK,A,C,A,C,False,-3.7499999701976776,0.75,-0.49999992549419403,1.8833147636418932,4.519056744093386,3.0625000596046448,-6.937500178813934,1.5625000596046448,2.3125000596046448,2.624999660998583,-7.1249986700713634,3.124999586492777,1.3749994225800037,-0.49999987334012985,-4.750000350177288,3.2500000968575478,2.00000012665987
train:610_2,repair,RERANK,A,B,A,A,False,-3.5000001192092896,3.4999999701976776,5.250000521540642,2.150581285580765,6.397020885011146,2.812499977648258,-1.4374999925494194,-0.6874999925494194,-0.6874999925494194,4.5625001303851604,-2.1875003464519978,-0.6875003911554813,-1.6874993927776814,-1.5000000596046448,2.0000000596046448,2.0000000596046448,-2.5000000596046448
train:1039_1,regression,RERANK,A,A,B,A,False,1.2500000298023224,-0.4999999701976776,0.2499997466802597,0.8100922401068459,3.1887253370690205,7.656250067055225,8.156250037252903,-7.968750052154064,-7.843750052154064,8.28124975040555,8.03125000372529,-7.96874987706542,-8.34374987706542,7.062500022351742,5.812499992549419,-6.562500007450581,-6.312500007450581
train:466_0,regression,RERANK,A,A,B,C,False,0.5,-2.5000000596046448,-2.4999999403953552,0.5590156749037352,3.1299959468777274,-0.1250000298023224,2.3750000298023224,2.1250000298023224,-4.375000029802322,-4.3213367462158203e-07,2.249999448657036,2.4999995082616806,-4.749998524785042,1.4375000596046448,0.9375000596046448,0.4375000596046448,-2.8125001788139343
train:1059_1,both_wrong_diff,RERANK,D,B,C,C,False,-3.000000022351742,-1.4999999403953552,-1.4999999105930328,0.8196798795962671,4.12878606509921,-4.374999985098839,0.1250000149011612,2.8749999552965164,1.3750000149011612,-4.312502469401807,-0.562499416526407,3.187500898260623,1.6875009876675904,-4.937499647960067,3.562499897554517,0.812499875202775,0.562499875202775
train:521_0,both_wrong_diff,RERANK,D,B,A,A,False,-3.7499998956918716,-9.249999994499376,-9.750000178813934,1.7093496666041876,8.294388069672564,6.812499995874532,-1.187499998624844,-3.187499998624844,-2.437499998624844,6.499999577179551,0.25000019557774067,-3.4999991711229086,-3.250000601634383,-0.12499991431832314,2.8749999813735485,-1.8750001527369022,-0.8749999143183231
train:628_0,both_wrong_diff,RERANK,A,B,D,D,False,-5.374999940395355,-6.499999940395355,-6.874999940395355,1.5142549068719076,1.303540770894317,-4.249999985098839,0.7500000149011612,1.2500000149011612,2.2499999552965164,-3.781250074505806,-0.4062497168779373,1.093749925494194,3.0937498658895493,-3.906249985098839,1.4687499552965164,1.2187500149011612,1.2187500149011612
train:677_2,both_wrong_diff,RERANK,B,D,C,C,False,-3.7500001788139343,-1.7500000447034836,-2.7499990314245224,1.3693054470055401,4.463392807692961,-2.687499951571226,1.0624999292194843,2.812499973922968,-1.1874999515712261,-3.6874994300305843,0.8125004507601261,3.5624994821846485,-0.6875005029141903,-3.250000089406967,-1.2500000894069672,2.000000089406967,2.500000089406967
train:774_0,both_wrong_diff,RERANK,D,B,C,C,False,-7.499999761581421,-8.999999791383743,-10.25000113248825,0.9354153562586232,3.7976143920599044,-3.249999888241291,3.74999987334013,4.249999903142452,-4.749999888241291,-3.2500008549541235,4.000000478699803,4.750000754371285,-5.500000378116965,-5.6874998807907104,5.0624998807907104,3.0624998807907104,-2.4374998807907104
train:91_0,both_wrong_diff,RERANK,B,A,C,C,False,-0.25,-1.5000001192092896,-1.1249999403953552,0.30618633951537955,1.1924240829986226,-0.06249997019767761,-0.8125000894069672,0.6875000298023224,0.1875000298023224,-0.06250002980232239,-0.5624999701976776,0.5624999701976776,0.06250002980232239,0.25,0.0,0.25,-0.5
train:1206_0,both_correct,RERANK,A,A,A,A,False,3.7500000558793545,2.7500001043081284,2.999999826774001,0.3535520418947806,2.277608528293155,4.000000078231096,1.249999973922968,-3.250000026077032,-2.000000026077032,4.000000644940883,1.0000008181668818,-3.2500003739260137,-1.750001089181751,3.8749999227002263,0.12499986682087183,-3.874999894760549,-0.12499989476054907
train:442_0,both_correct,RERANK,D,D,D,D,False,0.7499999701976776,0.4999999403953552,0.5000001788139343,0.649521737033452,3.697549964683752,-3.625000163912773,1.125000074505806,0.875000074505806,1.6250000149011612,-3.062497839331627,0.9374991804361343,0.6874992996454239,1.4374993592500687,-4.937500350177288,2.81250012665987,-1.4374998733401299,3.5625000968575478
train:711_1,both_correct,RERANK,A,A,A,A,False,0.0,1.4999999552965164,1.25,1.340473400369166,1.4577379353784041,7.812500085681677,6.3125001303851604,-6.687500108033419,-7.437500108033419,8.249998763203621,6.999998763203621,-7.749998763203621,-7.499998763203621,6.5625001192092896,6.5625001192092896,-6.1875001192092896,-6.9375001192092896
train:629_1,both_correct,RERANK,B,B,B,B,False,7.6250000629224814,7.24999996740371,8.124999824096449,0.7153452483003709,1.3154728441626289,-1.1874999918509275,6.062499975552782,-1.9374999918509275,-2.9374999918509275,-1.5937500752334017,6.531249748863047,-1.7187495983962435,-3.2187500752334017,-2.2812500157306204,6.343750047191861,-1.2812500157306204,-2.7812500157306204
train:823_2,both_correct,RERANK,C,C,C,C,False,5.500000072643161,9.500000123931386,7.499999841675162,2.968585448019489,3.797100080649534,-5.4375000309828465,-2.1875000309828465,8.56250009294854,-0.9375000309828465,-7.0624997220002115,-0.06249996041879058,7.437499881256372,-0.3125001988373697,-5.96875001816079,0.4062499818392098,5.906250054482371,-0.3437500181607902
train:996_1,both_correct,RERANK,B,B,B,B,False,2.9999998807907104,5.250000011175871,5.000000448897481,1.5512098810318247,2.215005430790872,5.968749997206032,11.218750008381903,-10.156250002793968,-7.031250002793968,5.3437494109384716,10.343749859835953,-9.156249635387212,-6.531249635387212,6.3437502682209015,9.343750149011612,-9.156250208616257,-6.531250208616257
train:1097_0,both_wrong_same,RERANK,B,D,D,D,False,-11.249999805062544,-14.375000127358362,-13.375000388994522,1.6201847188063982,3.2033919301097007,-0.03125003183959052,-5.4062500318395905,-3.5312500318395905,8.968750095518772,-0.2812503356672096,-5.406249858830051,-2.2812503356672096,7.9687505301644705,-1.499999951265636,-3.999999951265636,-1.749999951265636,7.249999853796908
train:406_0,both_wrong_same,RERANK,D,B,B,B,False,-6.749999821186066,-10.500000154599547,-10.8750015553087,0.6846542252569676,3.2900182116181353,-1.3750000386498868,5.8750001159496605,0.12499996135011315,-4.625000038649887,-1.1250005378387868,5.750000540632755,0.5000010118819773,-5.125001014675945,-1.2187498956918716,3.156249925494194,1.6562498658895493,-3.5937498956918716
train:1102_0,both_wrong_same,RERANK,D,A,A,A,False,-5.250000089406967,-6.749999910593033,-6.749999538064003,1.224745175560326,2.7950847826170855,3.499999962747097,-3.249999947845936,2.9999999329447746,-3.249999947845936,3.999999823048711,-3.249999715015292,1.9999996069818735,-2.749999715015292,2.375000037252903,-1.1250000521540642,1.6250000670552254,-2.875000052154064
train:394_1,both_wrong_same,RERANK,B,C,C,C,False,-11.624999820254743,-15.000000021216692,-14.375001061358489,0.8172933414405327,2.970558830821214,0.6249999946958269,-5.875000005304173,9.12500001591252,-3.875000005304173,0.7812493770325091,-5.343750146130333,9.031250915228156,-4.468750146130333,1.0937500449363142,-5.031249955063686,6.593749865191057,-2.6562499550636858
train:956_2,both_wrong_same,RERANK,D,C,C,C,False,-8.500000173284207,-13.750000000409273,-10.749998759463779,2.2801803242829797,4.038873492993637,-0.21875000010231815,-6.593750000102318,10.281250000306954,-3.468750000102318,-0.9374999282845238,-6.437499928284524,9.062499308016413,-1.6874994514473656,-1.3437500433210516,-5.468750043321052,7.656250129963155,-0.8437500433210516
train:298_2,both_wrong_same,RERANK,C,B,B,B,False,-4.499999816529453,-1.4999999552965164,-6.05359673500061e-07,1.1039695930549027,2.2912878238015026,-2.3125001080334187,3.687500085681677,2.1875001303851604,-3.5625001080334187,-2.0625003897584975,2.812500454019755,2.8124998486600816,-3.5624999129213393,-2.562499954132363,4.93749986239709,0.4375000458676368,-2.812499954132363
test:10_0,repair,TEST,D,C,D,C,False,-0.7499999403953552,0.7500000596046448,-4.76837158203125e-07,1.5449007216115032,4.604261252153084,-1.499999776482582,-5.25000025331974,2.999999985098839,3.7500000447034836,-2.593749761581421,-5.468749761581421,4.03125,4.031249523162842,-3.281249985098839,-1.4062499850988388,2.7187499552965164,1.9687500149011612
test:193_0,repair,TEST,A,C,A,A,False,-0.5,0.0,2.2499999552965164,2.102825807012198,3.1243746227120135,4.000000029802322,-6.500000029802322,4.000000029802322,-1.5000000298023224,4.437499739229679,-5.812498331069946,2.1874997839331627,-0.8125011920928955,3.2187500298023224,-3.9062502682209015,3.7187500298023224,-3.0312497913837433
test:207_0,repair,TEST,C,B,C,B,False,-0.9999999701976776,0.4999999403953552,-0.5000002980232239,1.0364457394045565,2.196410386960933,-4.062499985098839,1.6875000149011612,2.1874999552965164,0.1875000149011612,-3.406249538064003,1.9687500447034836,1.4687497466802597,-0.031250253319740295,-2.4062499925494194,1.9687499776482582,0.9687500074505806,-0.5312499925494194
test:238_0,repair,TEST,D,B,D,B,False,-0.25,2.4999999031424522,-0.4999999403953552,2.4076699606836023,2.2316962160542917,-5.7187498565763235,3.7812499050050974,-4.3437498565763235,6.28124980814755,-6.4062498807907104,5.843749850988388,-4.7812498807907104,5.343749910593033,-4.999999970197678,4.624999970197678,-3.9999999701976776,4.374999970197678
test:245_0,repair,TEST,D,A,D,D,False,-2.7499999031424522,1.7499999850988388,2.9999992474913597,1.7809756633978864,3.6330729070129775,6.125000063329935,-7.0000000558793545,-7.0000000558793545,7.875000048428774,6.187500474974513,-8.187500098720193,-7.187500098720193,9.187499722465873,7.593749927356839,-5.656249975785613,-6.781249975785613,4.843750024214387
test:304_0,repair,TEST,C,B,C,C,False,-0.25,1.4999999403953552,1.0000000596046448,0.7071056010752188,1.8833149777649798,-0.49999992549419403,1.250000074505806,2.750000014901161,-3.500000163912773,-8.493661880493164e-07,1.250000700354576,2.250000759959221,-3.500000610947609,-1.5624999105930328,2.187499910593033,1.9374999105930328,-2.562499910593033
test:335_0,repair,TEST,C,A,C,C,False,-2.9999998956918716,2.250000022351742,2.4999995306134224,1.3863169773113841,6.328260046715907,3.6874999944120646,-5.8125000055879354,5.937500016763806,-3.8125000055879354,4.000000411644578,-6.99999993853271,6.499999942258,-3.5000004153698683,3.7499999217689037,-3.249999973922968,0.7500000260770321,-1.249999973922968
test:346_0,repair,TEST,D,B,D,D,False,0.0,2.250000074505806,2.749999985098839,0.569402643356541,2.484325836178021,-6.6250000186264515,4.6249999813735485,-4.8750000186264515,6.8750000558793545,-6.343749638646841,4.156249646097422,-4.718749638646841,6.9062496311962605,-5.437500059604645,4.812500059604645,-4.187500059604645,4.812500059604645
test:379_0,repair,TEST,A,B,A,A,False,-1.2500000298023224,0.25,1.2500002682209015,1.6007818761951007,2.5093575446411296,4.093749910593033,3.843749910593033,-5.781249910593033,-2.156249910593033,5.218750514090061,3.9687502458691597,-5.90625037997961,-3.2812503799796104,4.156249932944775,5.406249962747097,-5.468749947845936,-4.093749947845936
test:483_0,repair,TEST,C,B,C,C,False,0.0,1.4999999701976776,3.0000000298023224,1.328768436859462,2.8228978739122006,-8.843750171363354,5.031250186264515,6.5312501564621925,-2.7187501713633537,-9.531250484287739,4.468750469386578,7.4687504991889,-2.406250484287739,-6.593749821186066,4.906249821186066,4.906249821186066,-3.2187498211860657
test:8_0,repair,TEST,D,B,D,D,False,-1.0000000298023224,0.9999999701976776,0.5000002682209015,0.5448624499881569,1.5155444639969327,-1.5624999925494194,0.9375000074505806,-1.3124999925494194,1.9374999776482582,-1.8750002309679985,1.3749999776482582,-1.3749999925494194,1.8750002458691597,-1.1249999478459358,1.874999962747097,-1.6249999478459358,0.8749999329447746
test:92_0,repair,TEST,A,B,A,B,False,-0.9999999403953552,0.25,-0.25000032782554626,1.2930106663328627,1.515544586899643,2.687500089406967,2.437500089406967,-4.812500327825546,-0.31249985098838806,2.874999649822712,3.124999977648258,-4.624999098479748,-1.3750005289912224,1.750000074505806,2.750000014901161,-3.750000163912773,-0.749999925494194
test:141_0,regression,TEST,D,D,A,A,False,3.0000000596046448,-6.000000102445483,-4.250000456348062,2.207939651150938,8.692669136122873,6.187499957624823,-6.562499667983502,0.18749985517933965,0.18749985517933965,6.1874998663552105,-7.062499399762601,-1.0624998765997589,1.937499410007149,0.062499985098838806,-1.4375000149011612,-1.6875000149011612,3.0625000447034836
test:156_0,regression,TEST,D,D,B,B,False,2.000000074505806,-1.7500000149011612,-4.000000577419996,1.6524135061825491,2.8797515956960966,-5.4374999441206455,6.062499951571226,-4.9374999441206455,4.312499936670065,-5.718750161118805,7.4062504498288035,-5.093750161118805,3.4062498724088073,-5.0312500186264515,4.4687499813735485,-5.9062500186264515,6.4687500558793545
test:159_0,regression,TEST,C,C,A,C,False,2.500000111758709,-2.2499999552965164,0.9999992027878761,2.51557575849219,3.8298782400912352,6.031249847263098,-6.3437498696148396,3.7812498919665813,-3.4687498696148396,4.843750020489097,-6.406249621883035,5.843749223276973,-4.281249621883035,2.8750000912696123,-4.875000147148967,5.375000203028321,-3.375000147148967
test:177_0,regression,TEST,D,D,B,B,False,0.25,-1.0,-2.2499999552965164,2.0029270601279383,1.315472993654713,-5.374999821186066,5.999999821186066,-5.624999821186066,4.999999821186066,-4.968750100582838,5.781250078231096,-4.343750100582838,3.53125012293458,-6.031249940395355,5.843749940395355,-5.906249940395355,6.093749940395355
test:225_0,regression,TEST,A,A,C,A,False,2.4999999031424522,-0.7500000596046448,0.5000009164214134,1.35784724726803,3.4386356230162143,4.46874974668026,-6.906249776482582,5.2187498062849045,-2.781249776482582,4.718749972060323,-7.031248083338141,4.218749055638909,-1.9062509443610907,5.000000046566129,-4.875000333413482,2.5000001434236765,-2.6249998565763235
test:31_0,regression,TEST,C,C,A,A,False,1.2500000596046448,0.0,-0.7500004470348358,1.3390198355557241,2.5248757329427427,5.656249761581421,-5.843749761581421,5.656249761581421,-5.468749761581421,5.499998800456524,-4.874998576939106,4.749998353421688,-5.374998576939106,4.156250104308128,-3.8437501341104507,5.406250163912773,-5.718750134110451
test:33_0,regression,TEST,A,A,C,C,False,0.0,-5.500000204890966,-3.7500000298023224,1.5449009561901397,4.763139876747221,-0.3750000512227416,-4.625000051222742,5.125000153668225,-0.1250000512227416,0.15624991804361343,-3.8437501713633537,3.906249947845936,-0.21874969452619553,1.5,-2.25,1.5,-0.75
test:369_0,regression,TEST,A,A,D,D,False,0.5,-1.5000000298023224,-0.5000000596046448,1.203835133036988,3.1887255494019957,1.7187500819563866,-6.906250275671482,1.9687500819563866,3.218750111758709,2.249999985098839,-6.250000074505806,1.2500000447034836,2.7500000447034836,1.8125,-4.4375,1.3125,1.3125
test:371_0,regression,TEST,B,B,D,D,False,0.5,-1.2500000298023224,-1.2499999403953552,1.0155043750436734,2.2741755020146965,-7.500000007450581,5.999999992549419,-5.750000007450581,7.250000022351742,-6.875000223517418,5.50000025331974,-5.375000223517418,6.7500001937150955,-6.3125001192092896,5.9375001192092896,-5.0625001192092896,5.4375001192092896
test:385_0,regression,TEST,B,B,D,D,False,0.4999999701976776,-1.2499999701976776,-0.9999997913837433,0.7781193233197704,2.7350447542924234,-7.500000052154064,6.250000067055225,-6.250000052154064,7.500000037252903,-8.156250558793545,6.593750663101673,-6.031250558793545,7.593750454485416,-6.218749932944775,5.906249918043613,-5.093749932944775,5.406249947845936
test:394_0,regression,TEST,C,C,D,D,False,0.0,-9.249999527848559,-8.49999989848584,2.218527328589569,6.5963408965968675,-4.81249988196214,-5.56249988196214,0.5625001180378604,9.812499645886419,-4.624998156679794,-7.374998156679794,1.7499982074368745,10.249998105922714,-4.218750238418579,-5.343750238418579,4.781250238418579,4.781250238418579
test:399_0,regression,TEST,B,B,A,A,False,0.75,-1.2499999403953552,-1.2499999403953552,1.2670714830896597,2.724311830140952,3.0624999552965164,1.8125000149011612,-2.687499985098839,-2.187499985098839,3.4687502831220627,2.2187503427267075,-2.4062501937150955,-3.2812504321336746,1.8749999403953552,2.6249999403953552,-0.8749999403953552,-3.6249999403953552
test:416_0,regression,TEST,B,B,A,B,False,0.5,-1.0000000596046448,0.25,1.4306897392184819,2.318404701001936,0.8750000447034836,-0.1250000149011612,-0.3750000149011612,-0.3750000149011612,0.8124995827674866,1.0624995827674866,-0.937499463558197,-0.9374997019767761,0.8750000596046448,1.3750000596046448,-0.12500005960464478,-2.1250000596046448
test:470_0,regression,TEST,A,A,B,B,False,1.25,-3.7500000093132257,-3.9999999031424522,1.2038389903068525,3.542156839442022,5.562499640043825,9.31249964935705,-6.687499644700438,-8.187499644700438,5.593749927356839,9.593749830499291,-7.6562527399510145,-7.531247017905116,8.125000178813934,6.875000178813934,-6.874999701976776,-8.125000655651093
test:504_0,regression,TEST,B,B,A,A,False,0.5,-3.4999999310821295,-1.5000001303851604,2.1542088815640437,3.429536304614982,11.687500186730176,8.187500255648047,-9.687500221189111,-10.187500221189111,11.499998948536813,9.999998818151653,-10.499998883344233,-10.999998883344233,8.71875011920929,9.21875011920929,-8.78125011920929,-9.15625011920929
test:509_0,regression,TEST,B,B,C,B,False,2.749999910593033,-0.9999999701976776,5.252659320831299e-07,1.5051992092752402,3.053557957232292,-0.7812502309679985,2.4687500074505806,3.468749977648258,-5.15624975413084,-1.8437503101304173,3.531249857507646,3.531249332241714,-5.218748879618943,-1.7499998584389687,4.250000052154064,1.5000001415610313,-4.000000335276127
test:515_0,regression,TEST,A,A,B,B,False,0.9999999701976776,-1.25,-0.9999993592500687,1.369306178838341,4.292070987833003,1.4687499701976776,2.7187499701976776,-6.156249910593033,1.9687499701976776,2.2187500335276127,3.2187493927776814,-6.406249295920134,0.9687498696148396,3.656250037252903,-0.8437498137354851,-5.468750290572643,2.6562500670552254
test:56_0,regression,TEST,A,A,B,B,False,0.7500000298023224,-0.5,-1.250000238418579,1.4031218067804758,2.5761831321644038,5.343750208616257,5.843750208616257,-8.281250208616257,-2.9062502086162567,5.343750298023224,6.593750536441803,-7.906250417232513,-4.031250417232513,5.312500081956387,4.562500052154064,-6.187500067055225,-3.6875000670552254
test:69_0,regression,TEST,D,D,B,B,False,1.4999999403953552,-1.4999999850988388,-1.7499995976686478,1.446979193200669,4.710361048870821,-3.0000001154839993,4.250000108033419,-4.000000115483999,2.75000012293458,-4.124999713152647,4.49999975040555,-3.125000189989805,2.7500001527369022,-3.874999985098839,1.3750000149011612,-0.3749999850988388,2.8749999552965164
test:127_0,both_wrong_diff,TEST,D,B,C,C,False,-1.5000000596046448,-2.2500001192092896,-3.5000001192092896,1.164246515800586,1.6723862049175162,-5.656250059604645,1.4687500596046448,3.2187500596046448,0.9687499403953552,-5.875002831220627,2.1250007450580597,3.6250011026859283,0.1250009834766388,-5.2187496572732925,2.406249925494194,1.9062498658895493,0.9062498658895493
test:223_0,both_wrong_diff,TEST,B,A,C,A,False,-5.3750001564621925,-4.75,-4.49999925494194,1.9803722958150691,4.9323549581376485,0.9375,-3.3125,1.4375,0.9375,1.7499999478459358,-2.7499993070960045,-0.2499997839331627,1.2499991431832314,3.7500000577419996,-1.625000098720193,-2.125000098720193,1.3969838619232178e-07
test:23_0,both_wrong_diff,TEST,C,A,B,B,False,-0.25,-2.7499999701976776,-3.0,0.5694020970609043,3.474797568872227,0.7812500074505806,4.281249977648258,1.5312500074505806,-6.593749992549419,1.25,4.25,1.25,-6.75,1.7500000298023224,1.5000000298023224,1.5000000298023224,-4.750000089406967
test:258_0,both_wrong_diff,TEST,B,A,D,D,False,-6.250000178813934,-10.749999925494194,-9.374998688697815,2.3209316432265683,3.952846823581083,3.4999999292194843,-5.499999951571226,-3.249999951571226,5.249999973922968,1.7187493443489075,-4.4062493443489075,-2.2812493443489075,4.9687493443489075,2.500000089406967,-3.750000089406967,-1.2500000894069672,2.500000089406967
test:338_0,both_wrong_diff,TEST,C,B,A,A,False,-0.25,0.0,-1.2499999403953552,1.0231691292524694,1.0606601717798212,0.3125,-0.1875,0.3125,-0.4375,1.1249999850988388,-0.12499989569187164,-0.12499995529651642,-0.8750001341104507,-0.4375,0.5625,0.3125,-0.4375
test:345_0,both_wrong_diff,TEST,A,D,B,B,False,-2.2499998807907104,-2.5000000596046448,-4.250000596046448,1.820027390447002,0.9354144422735658,-0.8125000894069672,1.6874999701976776,-2.562499850988388,1.6874999701976776,-2.1875003278255463,2.0625002682209015,-1.4375003278255463,1.562500387430191,-0.3124999403953552,0.9374999403953552,-2.5624999403953552,1.9374999403953552
test:350_0,both_wrong_diff,TEST,D,C,B,C,False,-2.75,-3.499999910593033,-2.499999910593033,0.8291564941182169,2.936834985452726,-1.3124999478459358,1.937499962747097,0.9374999329447746,-1.5624999478459358,-1.4375000521540642,1.3124997690320015,1.3125000968575478,-1.187499813735485,-0.0625,-0.5625,1.6875,-1.0625
test:418_0,both_wrong_diff,TEST,D,B,C,C,False,-4.0000001192092896,-5.25,-4.999998927116394,0.7153447394177666,1.190784886405553,-3.4375,2.5625,3.0625,-2.1875,-4.031249471008778,2.843749485909939,3.0937494561076164,-1.9062494710087776,-3.9062500596046448,2.7187500596046448,2.4687500596046448,-1.2812500596046448
test:492_0,both_wrong_diff,TEST,D,A,C,C,False,-7.500000226311386,-4.5000001192092896,-5.750000357627869,0.935414856455205,3.8078867015126585,2.6250000596046448,-4.375000059604645,3.1250000596046448,-1.3750000596046448,2.624998957151547,-4.124998817918822,3.625000109197572,-2.125000248430297,5.125000169733539,-3.3750000565778464,0.6249999434221536,-2.3750000565778464
test:85_0,both_wrong_diff,TEST,A,B,C,C,False,-10.499999687075615,-13.499999821186066,-14.00000262260437,1.0897232513786554,3.9026233881486703,-8.562499910593033,4.687499910593033,4.937499910593033,-1.0624999105930328,-8.437502456828952,4.812500456348062,5.562500165775418,-1.937498165294528,-5.718749742954969,4.7812499441206455,2.2812500186264515,-1.3437502197921276
test:3_0,both_correct,TEST,D,D,D,D,False,4.500000199303031,7.250000133179128,6.749999467749149,1.1180331556458631,3.020761793844046,-6.343750033294782,-5.468750033294782,2.281249966705218,9.531250099884346,-5.5937505821930245,-5.2187505821930245,2.03125084831845,8.781250316067599,-5.593749811407179,-3.9687498114071786,2.531249711755663,7.031249911058694
test:362_0,both_correct,TEST,B,B,B,B,False,1.5,6.250000203959644,5.25000024586916,0.770551497915926,3.4972088557257917,-3.999999812571332,6.249999914551154,-2.8940849006175995e-07,-2.249999812571332,-4.249999465420842,5.874999588355422,0.6249993424862623,-2.249999465420842,-3.3437500596046448,3.9062500596046448,2.4062500596046448,-2.9687500596046448
test:47_0,both_correct,TEST,B,B,B,B,False,2.2499999403953552,3.2499999590218067,3.750000398606062,1.0077827004715372,1.920286440604588,-1.3124999897554517,3.187499969266355,-0.06249998975545168,-1.8124999897554517,-1.1249998612329364,3.7500002989545465,-9.96515154838562e-08,-2.6250003380700946,-0.1874999850988388,2.8124999552965164,0.5625000149011612,-3.187499985098839
test:36_0,both_correct,TEST,C,C,C,C,False,2.9999999664723873,1.75,3.00000024959445,0.91001393956533,3.77905402758648,3.5937499403953552,-3.1562499403953552,5.343749940395355,-5.781249940395355,2.9062504144385457,-2.9687498239800334,5.906250664032996,-5.843751254491508,1.4687500083819032,-0.15624999161809683,4.4687499748542905,-5.781249991618097
test:547_0,both_correct,TEST,A,A,A,A,False,11.749999761612344,12.999999642374632,11.750001669039193,1.2038327185192426,1.9243504507213833,13.687499731780974,-6.687499910593658,-7.687499910593658,0.6875000894063419,13.46874982126792,-7.156248986748324,-8.031248986748324,1.7187481522287271,12.249999821209258,-5.499999940403086,-7.249999940403086,0.5000000595969141
test:211_0,both_correct,TEST,C,C,C,C,False,10.875000000240107,11.999999880813903,11.49999916622346,0.5448634886964718,2.552572935403973,-0.6562497317848965,-7.781250685459213,11.343750149029006,-2.9062497317848965,-0.5937497915558652,-7.468749791555865,10.906249374667595,-2.843749791555865,-0.9687500000600267,-5.718750000060027,9.90625000018008,-3.2187500000600267
test:39_0,both_wrong_same,TEST,C,B,B,B,False,-2.2499999403953552,-0.25,-0.2500002458691597,1.1388035599121566,4.128785607985397,-3.468749761581421,4.531249761581421,4.281249761581421,-5.343749761581421,-3.9062497038394213,5.093749588355422,4.843749342486262,-6.031249227002263,-0.28125010430812836,3.968750074505806,1.7187501341104507,-5.406250104308128
test:76_0,both_wrong_same,TEST,A,C,C,C,False,-7.875000476837158,-7.000000178813934,-8.249995797872543,0.9601396276068282,0.6373776729877986,-3.500000089406967,3.250000089406967,3.500000089406967,-3.250000089406967,-4.312496952712536,3.43749887496233,3.9374988451600075,-3.0625007674098015,-4.000000357627869,3.3750001192092896,3.8750001192092896,-3.2499998807907104
test:377_0,both_wrong_same,TEST,D,B,B,B,False,-6.249999783700332,-6.500000185798854,-7.500001284643076,1.0000005494224131,1.0058423961626515,-1.9375000464497134,5.56250013934914,-2.6875000464497134,-0.9375000464497134,-1.437500321160769,6.062500963482307,-3.187500321160769,-1.437500321160769,-1.156249945925083,5.343749837775249,-3.281249945925083,-0.906249945925083
test:376_0,both_wrong_same,TEST,B,C,C,C,False,-2.500000014901161,-13.49999976340041,-13.87499994726386,1.150747438868642,7.969423866508524,-0.3749999408501026,-4.124999940850103,9.374999822550308,-4.874999940850103,-1.343750314641511,-3.968750374246156,9.906249573017703,-4.5937488841300365,0.5937500558793545,1.5937500558793545,4.093750070780516,-6.281250182539225
test:94_0,both_wrong_same,TEST,A,D,D,D,False,-12.749999880795258,-12.50000011921611,-14.62499916555987,1.7001809038184446,2.2569329155533193,0.12499997019597231,-6.500000029804028,-6.250000029804028,12.625000089412083,-0.5625021755757587,-6.687497407204177,-6.812497407204177,14.062496989984112,-1.1249994933616563,-5.375000447035973,-5.125000447035973,11.625000387433602
test:497_0,both_wrong_same,TEST,A,D,D,A,False,-0.24999994039535522,-4.000000171363354,0.24999970197677612,3.0891695104534684,4.828302164322571,0.8749999571591616,-3.1250000428408384,-2.6250000428408384,4.875000128522515,3.281249850988388,-3.0937498807907104,-3.2187501192092896,3.031250149011612,0.7500000149011612,-1.4999999850988388,-0.2499999850988388,0.9999999552965164
