capability,anatomy_region,radius,n,mean_delta,median_delta,std_delta,p_delta_gt_0,density_ge_0.0,density_ge_0.02,density_ge_0.05,positive_thicket_mass,negative_mass
visual_grounding,vision,0.0035698828543799426,64,0.0,0.0,0.0,0.0,1.0,0.0,0.0,0.0,0.0
visual_grounding,vision,0.017849414271899712,64,-0.0003125000000000003,0.0,0.002480391854123056,0.0,0.984375,0.0,0.0,0.0,0.0003125000000000003
visual_grounding,vision,0.07139765708759885,64,0.004062500000000004,0.0,0.012835345486195542,0.328125,0.875,0.328125,0.0,0.006562500000000006,0.0025000000000000022
visual_grounding,multimodal_connector_or_merger,0.0035698828543799426,64,0.0,0.0,0.0,0.0,1.0,0.0,0.0,0.0,0.0
visual_grounding,multimodal_connector_or_merger,0.017849414271899712,64,0.0,0.0,0.0,0.0,1.0,0.0,0.0,0.0,0.0
visual_grounding,multimodal_connector_or_merger,0.07139765708759885,64,0.0,0.0,0.0,0.0,1.0,0.0,0.0,0.0,0.0
visual_grounding,language,0.0035698828543799426,64,0.0,0.0,0.0,0.0,1.0,0.0,0.0,0.0,0.0
visual_grounding,language,0.017849414271899712,64,0.0003125000000000003,0.0,0.002480391854123056,0.015625,1.0,0.015625,0.0,0.0003125000000000003,0.0
visual_grounding,language,0.07139765708759885,64,-0.0037500000000000033,0.0,0.016909686573085867,0.203125,0.6875,0.203125,0.0,0.004062500000000004,0.007812500000000007
counting,vision,0.0035698828543799426,64,0.00812499999999996,0.0,0.010439558180306247,0.421875,0.984375,0.0,0.0,0.00843749999999996,0.0003125000000000003
counting,vision,0.017849414271899712,64,0.0043749999999999675,0.0,0.014347800354061215,0.328125,0.90625,0.015625,0.0,0.00687499999999997,0.0025000000000000022
counting,vision,0.07139765708759885,64,-0.009687500000000028,-0.020000000000000018,0.01936239509332457,0.171875,0.421875,0.03125,0.0,0.0040624999999999845,0.013750000000000012
counting,multimodal_connector_or_merger,0.0035698828543799426,64,0.00437499999999998,0.0,0.008267972847076808,0.21875,1.0,0.0,0.0,0.00437499999999998,0.0
counting,multimodal_connector_or_merger,0.017849414271899712,64,0.005937499999999972,0.0,0.00913761969825836,0.296875,1.0,0.0,0.0,0.005937499999999972,0.0
counting,multimodal_connector_or_merger,0.07139765708759885,64,0.004062499999999981,0.0,0.008046495743489795,0.203125,1.0,0.0,0.0,0.004062499999999981,0.0
counting,language,0.0035698828543799426,64,0.005937499999999972,0.0,0.009137619698258362,0.296875,1.0,0.0,0.0,0.005937499999999972,0.0
counting,language,0.017849414271899712,64,0.007812499999999965,0.0,0.010378576190884716,0.375,1.0,0.015625,0.0,0.007812499999999965,0.0
counting,language,0.07139765708759885,64,-0.0037500000000000398,0.0,0.027128168017763365,0.328125,0.640625,0.09375,0.0,0.008437499999999971,0.01218750000000001
spatial_reasoning,vision,0.0035698828543799426,64,-0.0024999999999999727,0.0,0.015206906325745522,0.1875,0.734375,0.1875,0.0,0.0037500000000000033,0.006249999999999976
spatial_reasoning,vision,0.017849414271899712,64,-0.0012499999999999734,0.0,0.013169567191065896,0.1875,0.75,0.1875,0.0,0.0037500000000000033,0.004999999999999977
spatial_reasoning,vision,0.07139765708759885,64,-0.0043749999999999675,0.0,0.022211694554896053,0.203125,0.671875,0.203125,0.0,0.005312500000000005,0.009687499999999972
spatial_reasoning,multimodal_connector_or_merger,0.0035698828543799426,64,-0.004374999999999964,0.0,0.013905372163304335,0.125,0.640625,0.125,0.0,0.0028125000000000025,0.0071874999999999665
spatial_reasoning,multimodal_connector_or_merger,0.017849414271899712,64,0.0009375000000000234,0.0,0.013887803777055587,0.234375,0.796875,0.234375,0.0,0.0050000000000000044,0.004062499999999981
spatial_reasoning,multimodal_connector_or_merger,0.07139765708759885,64,0.001875000000000026,0.0,0.015699820858850567,0.265625,0.78125,0.265625,0.0,0.0062500000000000056,0.00437499999999998
spatial_reasoning,language,0.0035698828543799426,64,-0.00031249999999996905,0.0,0.015203695068962648,0.25,0.71875,0.25,0.0,0.005312500000000005,0.005624999999999974
spatial_reasoning,language,0.017849414271899712,64,0.021875000000000033,0.020000000000000018,0.03076498618559742,0.703125,0.859375,0.703125,0.140625,0.026562500000000024,0.0046874999999999886
spatial_reasoning,language,0.07139765708759885,64,-0.004687499999999952,0.010000000000000009,0.07059941461336632,0.5,0.578125,0.5,0.25,0.025625000000000023,0.030312499999999975
ocr_text_recognition_grounded,vision,0.0035698828543799426,64,-0.002187500000000002,0.0,0.0062421826110744365,0.0,0.890625,0.0,0.0,0.0,0.002187500000000002
ocr_text_recognition_grounded,vision,0.017849414271899712,64,-0.0077812500000000034,0.0,0.010989296994689878,0.015625,0.640625,0.0,0.0,3.125000000000003e-05,0.007812500000000003
ocr_text_recognition_grounded,vision,0.07139765708759885,64,-0.009031249999999987,0.0,0.016654549631782294,0.171875,0.53125,0.09375,0.0,0.0020625000000000036,0.01109374999999999
ocr_text_recognition_grounded,multimodal_connector_or_merger,0.0035698828543799426,64,0.0,0.0,0.0,0.0,1.0,0.0,0.0,0.0,0.0
ocr_text_recognition_grounded,multimodal_connector_or_merger,0.017849414271899712,64,0.0,0.0,0.0,0.0,1.0,0.0,0.0,0.0,0.0
ocr_text_recognition_grounded,multimodal_connector_or_merger,0.07139765708759885,64,-0.0015000000000000013,0.0,0.005396758286230731,0.03125,0.921875,0.0,0.0,6.250000000000006e-05,0.0015625000000000014
ocr_text_recognition_grounded,language,0.0035698828543799426,64,-0.0002187500000000002,0.0,0.0025277753930086455,0.046875,0.984375,0.0,0.0,9.375000000000008e-05,0.0003125000000000003
ocr_text_recognition_grounded,language,0.017849414271899712,64,-0.007218749999999991,0.0,0.011525066092543664,0.1875,0.65625,0.0,0.0,0.00037500000000000033,0.007593749999999991
ocr_text_recognition_grounded,language,0.07139765708759885,64,-0.03965624999999994,-0.03799999999999992,0.02476528489514101,0.078125,0.109375,0.015625,0.0,0.00046875000000000215,0.040124999999999945
relational_reasoning,vision,0.0035698828543799426,64,-0.006875000000000011,0.0,0.023774658252012804,0.21875,0.53125,0.21875,0.015625,0.0059375,0.012812500000000011
relational_reasoning,vision,0.017849414271899712,64,0.0003124999999999812,0.0,0.03010236442125435,0.40625,0.59375,0.40625,0.046875,0.012499999999999992,0.01218750000000001
relational_reasoning,vision,0.07139765708759885,64,0.010937499999999968,0.020000000000000018,0.04091602490162014,0.53125,0.703125,0.53125,0.171875,0.02312499999999998,0.01218750000000001
relational_reasoning,multimodal_connector_or_merger,0.0035698828543799426,64,0.001249999999999996,0.0,0.01763341997458236,0.328125,0.6875,0.328125,0.0,0.0075000000000000015,0.0062500000000000056
relational_reasoning,multimodal_connector_or_merger,0.017849414271899712,64,-0.00718750000000001,-0.020000000000000018,0.017807016699885478,0.171875,0.484375,0.171875,0.0,0.0040625,0.01125000000000001
relational_reasoning,multimodal_connector_or_merger,0.07139765708759885,64,-0.00875000000000001,-0.010000000000000009,0.016909686573085864,0.125,0.5,0.125,0.0,0.0028125000000000008,0.01156250000000001
relational_reasoning,language,0.0035698828543799426,64,-0.010937500000000011,-0.010000000000000009,0.019978015260530776,0.140625,0.5,0.140625,0.0,0.003125000000000001,0.014062500000000012
relational_reasoning,language,0.017849414271899712,64,0.004999999999999982,0.0,0.030618621784789718,0.40625,0.640625,0.40625,0.109375,0.01468749999999999,0.009687500000000009
relational_reasoning,language,0.07139765708759885,64,-0.02406250000000003,-0.020000000000000018,0.058221526034191166,0.28125,0.359375,0.28125,0.09375,0.013124999999999989,0.03718750000000002
fine_grained_recognition,vision,0.0035698828543799426,64,-0.0003124999999999994,0.0,0.0024803918541230485,0.0,0.984375,0.0,0.0,0.0,0.0003124999999999994
fine_grained_recognition,vision,0.017849414271899712,64,-0.0012499999999999976,0.0,0.004841229182759262,0.0,0.9375,0.0,0.0,0.0,0.0012499999999999976
fine_grained_recognition,vision,0.07139765708759885,64,-0.017187499999999984,-0.019999999999999962,0.01899578489428641,0.03125,0.40625,0.03125,0.0,0.0006250000000000006,0.017812499999999985
fine_grained_recognition,multimodal_connector_or_merger,0.0035698828543799426,64,0.0,0.0,0.0,0.0,1.0,0.0,0.0,0.0,0.0
fine_grained_recognition,multimodal_connector_or_merger,0.017849414271899712,64,0.0,0.0,0.0,0.0,1.0,0.0,0.0,0.0,0.0
fine_grained_recognition,multimodal_connector_or_merger,0.07139765708759885,64,0.0,0.0,0.0,0.0,1.0,0.0,0.0,0.0,0.0
fine_grained_recognition,language,0.0035698828543799426,64,0.0,0.0,0.0,0.0,1.0,0.0,0.0,0.0,0.0
fine_grained_recognition,language,0.017849414271899712,64,-0.008749999999999987,0.0,0.012686114456365262,0.0,0.640625,0.0,0.0,0.0,0.008749999999999987
fine_grained_recognition,language,0.07139765708759885,64,-0.04781249999999998,-0.03999999999999998,0.04162589150696955,0.0625,0.171875,0.0625,0.015625,0.002187500000000001,0.04999999999999998
