seed,in_search_top50,status,R_correct,T_correct,g_R,g_T,gap,R_repairs,R_regressions,T_repairs,T_regressions,tied_top_R,tied_top_T
9500059,False,measured,78,249,-0.5,-1.7825311942959001,-1.2825311942959001,12,13,18,28,5,17
9503167,False,measured,77,253,-1.0,-1.0695187165775402,-0.06951871657754016,8,10,21,27,4,15
9500127,False,measured,83,261,2.0,0.35650623885918004,-1.64349376114082,9,5,29,27,8,16
9502563,False,measured,77,257,-1.0,-0.35650623885918004,0.64349376114082,15,17,28,30,11,10
9502995,False,measured,79,254,0.0,-0.8912655971479501,-0.8912655971479501,7,7,20,25,11,12
9503539,False,measured,81,257,1.0,-0.35650623885918004,-1.35650623885918,14,12,25,27,5,16
9501135,False,measured,84,254,2.5,-0.8912655971479501,-3.39126559714795,16,11,17,22,9,20
9502423,False,measured,84,260,2.5,0.17825311942959002,-2.32174688057041,9,4,29,28,2,14
9500271,True,measured,84,253,2.5,-1.0695187165775402,-3.56951871657754,18,13,28,34,8,13
9501023,False,measured,80,256,0.5,-0.5347593582887701,-1.03475935828877,10,9,29,32,1,18
9504179,False,measured,91,260,6.0,0.17825311942959002,-5.82174688057041,16,4,26,25,6,16
9504827,False,measured,76,256,-1.5,-0.5347593582887701,0.9652406417112299,6,9,27,30,5,10
