candidate_id,sigma,S_search,S_rerank,repair_search,damage_search,repair_rerank,damage_rerank
68a5e61c8c7fc0cd022c720444ec0061eeb9ce6f5b2da8065eaa2d4b7364221f,0.00025,0.009548611111111112,-0.0379746835443038,0.0234375,0.013888888888888888,0.0,0.0379746835443038
d07d53c08aec531b6fa10caead9a9d623130718366698fbe26c4a5fbafcad0a6,0.0005,-0.0026041666666666644,0.008264462809917356,0.0390625,0.041666666666666664,0.008264462809917356,0.0
32f9ed6742c844ac35509fec0818ab028249f020256f3f7b41e88ed445f3f79d,0.0005,-0.010416666666666664,0.008264462809917356,0.03125,0.041666666666666664,0.008264462809917356,0.0
d9a424cd3a5dfebfc9a80fcf8938248504189e671ebcba703e704d4eeb7deead,0.002,-0.0920138888888889,-0.014750496913903122,0.046875,0.1388888888888889,0.09917355371900827,0.11392405063291139
0797c906916ac48eb6285a413789697da9128238bbe8c328ed514784ec0b99e4,0.001,-0.056423611111111105,-0.059420441468772886,0.0546875,0.1111111111111111,0.01652892561983471,0.0759493670886076
16e0a57c251b71482d365c992d465494ab1b1c1dc1a203bb0f0d4ce24431e300,0.00025,0.009548611111111112,-0.012658227848101266,0.0234375,0.013888888888888888,0.0,0.012658227848101266
9516c0cc2af8b4a326b4a044ff1c46b069918e18c0e7a821273a11fd2a119e7c,0.0005,-0.03993055555555555,-0.01757506015273564,0.015625,0.05555555555555555,0.03305785123966942,0.05063291139240506
78e1a1c31725d39ca0145a6013ea594e842450851435ca249b230c0c95e2e93e,0.001,-0.014756944444444448,0.011612093315200335,0.0546875,0.06944444444444445,0.049586776859504134,0.0379746835443038
32bb440488a8db4af8fa4d2a61dfe7bfd261bdda4eb535697bb6b415c89cbf91,0.002,-0.11197916666666666,-0.06538340830630818,0.0546875,0.16666666666666666,0.09917355371900827,0.16455696202531644
738cf33fbdabbd74c4b97cbd75787b02be04dada8d9e3dae6657c53a2f16789a,0.002,-0.042534722222222224,-0.05272518045820693,0.0546875,0.09722222222222222,0.09917355371900827,0.1518987341772152
8971140301b514fd043adcdc30c064c00cd6773bce8f7ceec18024230273b50e,0.00025,0.009548611111111112,-0.017051992886285176,0.0234375,0.013888888888888888,0.008264462809917356,0.02531645569620253
8500b2f053a701b4ccbc7b6943415361122ca2c5b13bada8b1620345c74dc442,0.0005,-0.008680555555555552,0.02039962339156816,0.046875,0.05555555555555555,0.03305785123966942,0.012658227848101266
aa45976b2806150b8184d1ba7f158312e1e902e70337956916decd8bf4d8cf03,0.002,-0.09461805555555555,-0.12815148028036405,0.0859375,0.18055555555555555,0.0743801652892562,0.20253164556962025
f3566101f4c4d83f51eb79d02f5e1d4a47789fd9866a8caefc2ebf698f1df39b,0.001,-0.03819444444444445,-0.03462705303902082,0.03125,0.06944444444444445,0.04132231404958678,0.0759493670886076
14ead4457859cfda6935161e444524f8086712ddc990be502535c417a8e7cfe6,0.002,-0.0920138888888889,-0.06873103881159118,0.046875,0.1388888888888889,0.05785123966942149,0.12658227848101267
94c614f0e1e804f52736afbb8cabd1ae87f27e588e985ae1deea7d888305219e,0.00025,-0.027777777777777776,-0.038497750810754267,0.0,0.027777777777777776,0.024793388429752067,0.06329113924050633
001b8686c18b763326d46dcd95ae813bac465c8d353fd148702202d6d6761af7,0.0005,-0.03211805555555555,-0.0005230672664504644,0.0234375,0.05555555555555555,0.024793388429752067,0.02531645569620253
92636da4a8adb55f9fc4f2a899fc4ffaf1bac3aa0d2c1cf818ef152e046b1e26,0.002,-0.09635416666666666,-0.11109948739407888,0.0703125,0.16666666666666666,0.06611570247933884,0.17721518987341772
47a44f33310ef2ac2a7396026912c722760d06172775b6b45a47ceb247b6454e,0.001,-0.03819444444444445,-0.018098127419186108,0.03125,0.06944444444444445,0.05785123966942149,0.0759493670886076
4abd85961eb477fe36a20691bc33d9c361539cd4893ef70223b3f7c9df3181e4,0.001,-0.0642361111111111,-0.07207866931687415,0.046875,0.1111111111111111,0.01652892561983471,0.08860759493670886
3ef2fbf90020ef5ee80563b6fc661b00a6e64ec63b91424f95b5570e5a1da95b,0.0005,-0.012152777777777776,-0.0005230672664504644,0.015625,0.027777777777777776,0.024793388429752067,0.02531645569620253
189c51c39f588fbd160b8480724b86ba5a944b4d96867281ff9fc4db3580503a,0.002,-0.16145833333333334,0.011089026048749867,0.046875,0.20833333333333334,0.0743801652892562,0.06329113924050633
a3bcc6b80f41058e28d424a056bd22aa5eb9f3627223550522521c696f0420ec,0.002,-0.11371527777777779,-0.01862119468563657,0.0390625,0.1527777777777778,0.08264462809917356,0.10126582278481013
308806643a83a36298cf9679bfa6362bab8a0c26bf76fc510a6674f2257eb8bd,0.00025,0.009548611111111112,0.02039962339156816,0.0234375,0.013888888888888888,0.03305785123966942,0.012658227848101266
09b8c8222b3ea10b4fccb12859bc6286ebd040c2ba6190df52f7ec05e9e18247,0.001,-0.0920138888888889,-0.0638142065069568,0.046875,0.1388888888888889,0.024793388429752067,0.08860759493670886
94f39f81ecfc0f41b85d0bf43fd2df059fff6d853ad8bc157d89dc38d0030ab9,0.001,-0.024305555555555552,-0.005439899571084844,0.03125,0.05555555555555555,0.05785123966942149,0.06329113924050633
0927589566a74d4020e1e916dfa522a305baec835094ebba151f86e8e6d16735,0.0005,-0.012152777777777776,-0.03410398577257035,0.015625,0.027777777777777776,0.01652892561983471,0.05063291139240506
342fae89b37cf8329cf6f76d53a091f823148a19b81c48df8457df23fc5bac09,0.001,-0.03819444444444445,0.03253478397321896,0.03125,0.06944444444444445,0.05785123966942149,0.02531645569620253
4e7fee9006d271df09be4b43f5d19fda979e88fb1c6716f70470c98b9a85f3f6,0.002,-0.12413194444444445,-0.09017679673606024,0.0703125,0.19444444444444445,0.0743801652892562,0.16455696202531644
7a8205799e88c073ea4dff2dc64119fc8bca5e8ff0f8e9c509516acba7cdd550,0.001,-0.058159722222222224,-0.05554974369703944,0.0390625,0.09722222222222222,0.03305785123966942,0.08860759493670886
ca9e4e1f9b46bb283e2a5235f836ba02183b4f048c5baacc8b407954417a7fb8,0.00025,-0.004340277777777776,-0.021445757924469087,0.0234375,0.027777777777777776,0.01652892561983471,0.0379746835443038
a02da9790170e11d1cdf0d8bb6ade01ce404d3003aa8e9d463094f8b2e982590,0.002,-0.13368055555555555,-0.06873103881159118,0.046875,0.18055555555555555,0.05785123966942149,0.12658227848101267
933906e760e840fc2060e70b6bd27c6463af593692f460d32a38d9eb59cc35c9,0.0005,-0.024305555555555552,-0.00878753007636782,0.03125,0.05555555555555555,0.01652892561983471,0.02531645569620253
d57c638358df22e5c075972ab2214eaad083bafaec101239f07e7f50758fbc48,0.001,-0.05381944444444445,0.016005858353384247,0.015625,0.06944444444444445,0.04132231404958678,0.02531645569620253
17ba811110100883e2ea963b4d509c05bcb0e5bda062af8bab356137b41631b1,0.00025,0.017361111111111112,-0.00439376503818391,0.03125,0.013888888888888888,0.008264462809917356,0.012658227848101266
b5814e835f47d62d9467873d73e6684e62870647975c4edcb363ebbf4796bea6,0.001,-0.024305555555555552,-0.04236844858248771,0.03125,0.05555555555555555,0.008264462809917356,0.05063291139240506
ff40caff9436adbf9bd38cd8dd2a07eed72cc198918166d6ec73cd19617b2ff6,0.002,-0.009548611111111105,-0.015796631446804044,0.1015625,0.1111111111111111,0.1487603305785124,0.16455696202531644
4dc1905bfefbdd5185651f4ff52cc6d440e34491490a33919ec9493770a65e51,0.00025,-0.004340277777777776,0.0038706977717334456,0.0234375,0.027777777777777776,0.01652892561983471,0.012658227848101266
745e093be5c132f8dd62ffe006291e2dbe17e030eef209884a7f1ef9e3699f87,0.002,-0.0069444444444444475,-0.04446071764828957,0.0625,0.06944444444444445,0.10743801652892562,0.1518987341772152
312b0ba3500fb75c1f2e00f354a056ff3e0c9629a4715b1364171c139bca339e,0.0005,-0.05381944444444445,-0.017051992886285176,0.015625,0.06944444444444445,0.008264462809917356,0.02531645569620253
a3b71c222bb7e136477ebeb3a78686d7c70b81179930a18310e29b9e8a517007,0.00025,0.009548611111111112,-0.0759493670886076,0.0234375,0.013888888888888888,0.0,0.0759493670886076
4fdef29a2ddd291b1114e54b9ff0983840ff87d19c5b320cc2b5e39283c67b72,0.00025,-0.027777777777777776,-0.00439376503818391,0.0,0.027777777777777776,0.008264462809917356,0.012658227848101266
df920f57bc6ba405a11ee1965810cd6a9850bde5c5bcce769d07158e9fd5249e,0.0005,-0.004340277777777776,0.024270321163301602,0.0234375,0.027777777777777776,0.049586776859504134,0.02531645569620253
2c908f7dbaec704ddc9335370f005bf0295deb8c24dd20d858b83acd417c7c87,0.00025,-0.004340277777777776,-0.02531645569620253,0.0234375,0.027777777777777776,0.0,0.02531645569620253
4b2703de19616fe5ffa6139acbb64cd28dce4fa63e1a28f4ecf6ac89cbe174e9,0.0005,-0.010416666666666664,-0.01757506015273564,0.03125,0.041666666666666664,0.03305785123966942,0.05063291139240506
45274ff867f834e4e667ca73fa6b26c11a9078d2f71ce06da871248eed0ba33e,0.00025,0.009548611111111112,-0.038497750810754267,0.0234375,0.013888888888888888,0.024793388429752067,0.06329113924050633
393ba3969a6b1c5960ad14ea7550b8ab4118611ace78e273486de0dccd989f7c,0.002,-0.16145833333333334,-0.019144261952087044,0.046875,0.20833333333333334,0.10743801652892562,0.12658227848101267
c19a913744f22a64b7921b0c19d16fd5061b1f9b9493760f8c2d4f733d440e3e,0.002,-0.0625,-0.047808348153572544,0.0625,0.125,0.06611570247933884,0.11392405063291139
dbe5f8998a0e6d1c8f4e94a5d6046ccd3dd8351977cb0cedd6988c3739213717,0.002,-0.11024305555555555,0.010042891515848945,0.0703125,0.18055555555555555,0.12396694214876033,0.11392405063291139
fad00a68255798678fdc11d1322c9129ef1618456ff966ea48ad4f181ca216b7,0.00025,0.03125,0.0038706977717334456,0.03125,0.0,0.01652892561983471,0.012658227848101266
147948613eba88613c4e234be8ea476227aa5ff63aae56c9943987e7770a89ea,0.001,0.005208333333333336,-0.1017888900512606,0.046875,0.041666666666666664,0.024793388429752067,0.12658227848101267
0da469cd406ad5030b33efeb4176c7916b6520b504ade19e5900078c3b28d733,0.002,-0.11805555555555555,0.05136520556543572,0.0625,0.18055555555555555,0.1652892561983471,0.11392405063291139
98dfbfc793ca4542ba2379e74eece5408158f3e89319b22f44c631396985172f,0.00025,0.015625,-0.00439376503818391,0.015625,0.0,0.008264462809917356,0.012658227848101266
8d6e333e685dd95152e6ae2af4ae135ff57bcd1677731997e13b5c39b758a6fa,0.002,-0.1736111111111111,-0.11109948739407888,0.0625,0.2361111111111111,0.06611570247933884,0.17721518987341772
c0d7adecdcd907d8e3ed29ee639e71a3931258feb8a1dc86715039ffffe48d9f,0.00025,0.0234375,-0.0005230672664504644,0.0234375,0.0,0.024793388429752067,0.02531645569620253
3f93d7be9feab7f52f19a8c1a4927b42a520be302c3ef0e9bcc32147378d57c2,0.0005,-0.018229166666666664,-0.05115597865885553,0.0234375,0.041666666666666664,0.024793388429752067,0.0759493670886076
8fbbe619747966321756ce487b77e5a91194eb153a249921dc6c28536ee8b490,0.002,-0.13975694444444445,-0.035673187571921755,0.0546875,0.19444444444444445,0.09090909090909091,0.12658227848101267
916d648942d31ce4735708e14958d163cc197f88b17727d2c2453fcc593871fd,0.0005,-0.006076388888888888,-0.04236844858248771,0.0078125,0.013888888888888888,0.008264462809917356,0.05063291139240506
91ccaa05ec135c75ee145382e2801ee87ca7a8d86ef4eb8c7c6049255896442b,0.00025,-0.006076388888888888,-0.0005230672664504644,0.0078125,0.013888888888888888,0.024793388429752067,0.02531645569620253
e39b11a835f8116b8b9c4dbf6725632508ef845b26dff79124b2bd21af595d80,0.001,-0.1076388888888889,-0.005439899571084844,0.03125,0.1388888888888889,0.05785123966942149,0.06329113924050633
ef70c1f8e58277d80bf11b67d218c460bad246c340ac5de174791a9451f66e89,0.00025,-0.012152777777777776,-0.013181295114551732,0.015625,0.027777777777777776,0.024793388429752067,0.0379746835443038
17fde075361469f144c1003be1b019e06259b6f99bda9b276da8cce967330155,0.001,-0.030381944444444448,-0.05167904592530599,0.0390625,0.06944444444444445,0.049586776859504134,0.10126582278481013
73642539b6b267e01cc37f14e732e5be809c631215374ab93dbeb583dcde52e9,0.001,-0.05208333333333333,-0.018098127419186108,0.03125,0.08333333333333333,0.05785123966942149,0.0759493670886076
42beebc6a13908e8174686725b235fb8ceef4b64a51695201e64d56e7ea1b4eb,0.0005,-0.006076388888888888,-0.01757506015273564,0.0078125,0.013888888888888888,0.03305785123966942,0.05063291139240506
6388a8f0604ed8af95b29b96c899e483b5c22303f926158d8fafd954e1a57c85,0.001,-0.058159722222222224,-0.004916832304634376,0.0390625,0.09722222222222222,0.03305785123966942,0.0379746835443038
45e41d859f9bdb81b6f61d78dc0037727aa9a39e2380f17a9d5ef76d1e134bac,0.002,-0.09635416666666666,-0.06486034103985772,0.0703125,0.16666666666666666,0.0743801652892562,0.13924050632911392
d611254751be0c21a0893cfbedf66f289a550ff3554d6f6b2fbfb5d57202bc66,0.00025,-0.006076388888888888,-0.013181295114551732,0.0078125,0.013888888888888888,0.024793388429752067,0.0379746835443038
3a360bea2f41e303724f014d0cc814dc18605110da671f5cf3213df428cae74f,0.002,-0.10069444444444445,0.05136520556543572,0.09375,0.19444444444444445,0.1652892561983471,0.11392405063291139
f1ca908a8cd303e915bc5f78368b0a5177708cfbcb361653c607df86789125fd,0.00025,-0.004340277777777776,-0.013181295114551732,0.0234375,0.027777777777777776,0.024793388429752067,0.0379746835443038
1dd37eb9f87e2d4c76a47de0d88a7916debe895ec65b9b467735c3f710898eb3,0.002,-0.011284722222222224,-0.08578303169787635,0.0859375,0.09722222222222222,0.06611570247933884,0.1518987341772152
5938cf595028f9cd668cfb801acdb454158a89955c54ede244dad43858ead41f,0.00025,-0.012152777777777776,-0.00439376503818391,0.015625,0.027777777777777776,0.008264462809917356,0.012658227848101266
af7613af2ae3abbc9bd161e1e396946c0fc1484422a1f6dde562709eca20ba63,0.00025,-0.027777777777777776,-0.00439376503818391,0.0,0.027777777777777776,0.008264462809917356,0.012658227848101266
58dbd5a8c9c52b4b671fa3b3387a4d00a5f6226d8c0fb1a977f9a60f4f45b99b,0.0005,0.0017361111111111119,-0.04236844858248771,0.015625,0.013888888888888888,0.008264462809917356,0.05063291139240506
d47db6a3fa9151c10e2a42a4c31e38c922e8941f0814a51e6204fe23b2d82160,0.001,-0.02083333333333333,0.023747253896851138,0.0625,0.08333333333333333,0.0743801652892562,0.05063291139240506
5336d765b764a93e2eb1d0758e1d55b61cf2de15952d7b4f9d34abd296c96afb,0.002,-0.032986111111111105,0.0017784287059315895,0.078125,0.1111111111111111,0.11570247933884298,0.11392405063291139
43f494305152fee5869b9ac2a07c3e193c446b6e62b75c99d6cfd88330070e13,0.0005,-0.03993055555555555,-0.021445757924469087,0.015625,0.05555555555555555,0.01652892561983471,0.0379746835443038
dfff0a581beaaaedc48d6d590744a2500c9d2a186ae5dfb3a3047428ccfd5238,0.001,-0.1015625,0.011612093315200335,0.0234375,0.125,0.049586776859504134,0.0379746835443038
3e11ef7715445d9e9361efa3090a1c2043d1063842f75610efabb61d12797d44,0.001,-0.07378472222222222,-0.0137043623810022,0.0234375,0.09722222222222222,0.049586776859504134,0.06329113924050633
e9dbc33c49ed1029aba983832e2547b87d18c803953ffacea61ffa5ecebc683d,0.001,-0.030381944444444448,-0.009310597342818284,0.0390625,0.06944444444444445,0.04132231404958678,0.05063291139240506
e769b36174085b41d68de0e6cca1fa76a44bfd35f337649a7d89db53cc967890,0.00025,-0.018229166666666664,-0.03410398577257035,0.0234375,0.041666666666666664,0.01652892561983471,0.05063291139240506
301bbe7f9bd4b26d352d77ece4ab033af5795c5c94673daeb9d9cd1523d07b0a,0.001,0.019097222222222224,-0.025839522962652996,0.046875,0.027777777777777776,0.024793388429752067,0.05063291139240506
90960ddebe2590d819117d95065fc90b617cddca4313e17214859e3f8e70a35c,0.00025,0.0234375,-0.0005230672664504644,0.0234375,0.0,0.024793388429752067,0.02531645569620253
b75d331f51cf833b919acbc4fc47e041b8c92883b8e015552196a13447f1c383,0.0005,-0.012152777777777776,-0.01757506015273564,0.015625,0.027777777777777776,0.03305785123966942,0.05063291139240506
a9efe18af4978738d38abd0fdd911c2fcf59c331c452635b88e0356a46f26ce0,0.0005,0.009548611111111112,0.0038706977717334456,0.0234375,0.013888888888888888,0.01652892561983471,0.012658227848101266
25d3990250d9945791e089a5149f0c6a5da7a3a1dd89b759800c43702bd9e017,0.002,-0.1753472222222222,-0.005962966837535305,0.046875,0.2222222222222222,0.08264462809917356,0.08860759493670886
c88ec6c497cb5a2da950bc70e91863edb3e2ad2acf6e0d6e4d0f641052406de2,0.00025,0.0017361111111111119,-0.017051992886285176,0.015625,0.013888888888888888,0.008264462809917356,0.02531645569620253
13b4697525586e6bb58c30c69725dcb12b55328c0e17762d850ac52a0c8212c8,0.0005,-0.04774305555555555,-0.04676221362067162,0.0078125,0.05555555555555555,0.01652892561983471,0.06329113924050633
99e5e46c5d4591779a7b29a871fb02c49a9b91d533d07eb919f562924102cd4c,0.001,-0.0920138888888889,-0.05167904592530599,0.046875,0.1388888888888889,0.049586776859504134,0.10126582278481013
7556cac60f4147c633de09fc9dab316f3d5d09e22bf1853dfa30dbbf352eb977,0.0005,-0.03211805555555555,-0.0638142065069568,0.0234375,0.05555555555555555,0.024793388429752067,0.08860759493670886
4f26b8bffc6996d9fb8a0741449313464e81cbea43469b7c66583e3bf3915977,0.001,-0.09027777777777779,-0.030756355267287372,0.0625,0.1527777777777778,0.05785123966942149,0.08860759493670886
84415bd13c5317b0b6f1ca516c78cc73230e09302bc2b21e6877cf4ae140a8b2,0.00025,-0.012152777777777776,-0.013181295114551732,0.015625,0.027777777777777776,0.024793388429752067,0.0379746835443038
2b05506ccc644eff9a7ed1b32f13b14f290ca0d311c8672f77ed25ba42a1935c,0.00025,0.009548611111111112,0.0038706977717334456,0.0234375,0.013888888888888888,0.01652892561983471,0.012658227848101266
dd20a9347af06f1da349b849f400ae2e15e377c9201a49a06cfac452293fa15a,0.0005,-0.033854166666666664,-0.029710220734386443,0.0078125,0.041666666666666664,0.008264462809917356,0.0379746835443038
a59102d5a59d14c40bd8902201313bda0192c232f03540ee7741381d7210a529,0.001,-0.058159722222222224,-0.03462705303902082,0.0390625,0.09722222222222222,0.04132231404958678,0.0759493670886076
02e4fcb4321b403425218d9347fea04ddb1a063024edbcbe5c2f33c2012d3901,0.002,-0.1953125,-0.05659587822994036,0.0546875,0.25,0.08264462809917356,0.13924050632911392
c25fc3efb39204b5d63cd28eb38ba90889f8e69e2579abfd84abaa122b7be87a,0.002,-0.052951388888888895,0.031488649440318026,0.0859375,0.1388888888888889,0.10743801652892562,0.0759493670886076
22739de492587323bba2f153a03b48dbbf58233fb9896918899e109f5e70ad7c,0.00025,0.0017361111111111119,-0.017051992886285176,0.015625,0.013888888888888888,0.008264462809917356,0.02531645569620253
a63a1df44fb3a862eb522d191b59ec79b34b44b4c9dd15ee158f11589d98f80f,0.00025,0.0017361111111111119,-0.04676221362067162,0.015625,0.013888888888888888,0.01652892561983471,0.06329113924050633
fc814c50284677018aaa0c29bdc403b2372d6a02564ea41752e8c4ac0096dd51,0.001,-0.030381944444444448,-0.01422742964745266,0.0390625,0.06944444444444445,0.0743801652892562,0.08860759493670886
d5b200308a41a832927532644a4c4a38dc7b09e2bd6d92fd8fa41bc9c6c2c9ef,0.00025,0.015625,-0.021445757924469087,0.015625,0.0,0.01652892561983471,0.0379746835443038
ab95892f6647819441065b172eef2de5f45c7f0ce9c31bba0e91bdd978f2b031,0.001,-0.0008680555555555525,0.007218328277016427,0.0546875,0.05555555555555555,0.05785123966942149,0.05063291139240506
16d8d65a3e0510ab979a045998e4cd2ec2acfdf896a18900eba7604e9689b4bd,0.001,-0.004340277777777776,-0.03023328800083691,0.0234375,0.027777777777777776,0.03305785123966942,0.06329113924050633
353bb0a34576a69942a699253f347398e4d1287077421f4ae9a60ab6f715f8be,0.002,-0.11197916666666666,-0.009833664609268752,0.0546875,0.16666666666666666,0.06611570247933884,0.0759493670886076
f686a886b7f72c7d003d6a650ffd17acce3c4aa805af76248dd3d1e642265184,0.0005,0.03298611111111111,0.016005858353384247,0.046875,0.013888888888888888,0.04132231404958678,0.02531645569620253
97ba3d445b5a88dee5e1c3c627ac683c91129cef100f90ed268ad27eba415798,0.00025,-0.006076388888888888,-0.02531645569620253,0.0078125,0.013888888888888888,0.0,0.02531645569620253
17b0eb5c13d237b35210128872c1f8a376fdc8fa11230eda63a095b5cfa7497f,0.0005,-0.018229166666666664,-0.017051992886285176,0.0234375,0.041666666666666664,0.008264462809917356,0.02531645569620253
7af3616296c63f5308fd6c390588f44043dc7ffbdd32b4dc7d0509b5dd4ec6ea,0.00025,-0.012152777777777776,-0.04236844858248771,0.015625,0.027777777777777776,0.008264462809917356,0.05063291139240506
36a70ba281cd592f5ec1ba81d8338cc681eeb7445394f6efa309e5aeba14a15c,0.0005,-0.06597222222222222,-0.042891515848938175,0.03125,0.09722222222222222,0.03305785123966942,0.0759493670886076
774853758a6c65fdb8437984ba840d2b417a13f5b103528e78c3bdc29b217dc5,0.001,-0.058159722222222224,-0.001046134532900929,0.0390625,0.09722222222222222,0.049586776859504134,0.05063291139240506
9766cc1735adad5842a53ebb7bd4ea6e8e8a67fc9fe00b039289e168c5351491,0.00025,0.009548611111111112,-0.013181295114551732,0.0234375,0.013888888888888888,0.024793388429752067,0.0379746835443038
fed5685be5b8e61583b9813cc4dfbee754d36ab29e3554c0186adf7744a2ca46,0.001,-0.04427083333333333,0.007741395543466891,0.0390625,0.08333333333333333,0.03305785123966942,0.02531645569620253
85c05a00c1c60a6ef7cb65cd2d95cf97ca4cc3975909983d869246f6f077b1ac,0.00025,0.0017361111111111119,0.007741395543466891,0.015625,0.013888888888888888,0.03305785123966942,0.02531645569620253
0b6cb8f27a5b4c53c80186d47824dcd90102583588451e06bd73700ec67b02ea,0.002,-0.13194444444444445,-0.01422742964745266,0.0625,0.19444444444444445,0.0743801652892562,0.08860759493670886
888bd5c1604c92221ae52401b4509fc5dd42b671191736ca09b7d0655c53356e,0.00025,-0.006076388888888888,0.012135160581650801,0.0078125,0.013888888888888888,0.024793388429752067,0.012658227848101266
2263dd8d901367c79503c7a5075b9fe1ef6c0c371aa041a1989af525cb521f51,0.002,-0.16319444444444445,-0.023538026990270938,0.03125,0.19444444444444445,0.11570247933884298,0.13924050632911392
9a715dc670832ac18033c3bffa2db1b96575f272c4c57c5275214a36b0301134,0.002,-0.11024305555555555,-0.05554974369703944,0.0703125,0.18055555555555555,0.03305785123966942,0.08860759493670886
a7e45ccfa44749f47009339807a5b3b6faa94591750df4893bbd649eb03548aa,0.002,-0.032986111111111105,0.1063918819960247,0.078125,0.1111111111111111,0.15702479338842976,0.05063291139240506
e3cba4c3dba6475c9ff08aa42f88d69324a4e773a3ffc7fe253e51caf21a7728,0.002,-0.09027777777777779,-0.015273564180353583,0.0625,0.1527777777777778,0.12396694214876033,0.13924050632911392
c6d60f1e97fc2a61b6b373375442d38bcbe3612279c422d95d505e09502a77e9,0.001,-0.04427083333333333,-0.09352442724134324,0.0390625,0.08333333333333333,0.03305785123966942,0.12658227848101267
d688e5cebe82f210a4c44739ad6be2a2adf5b9b1f4a48355c60105ae6dcbdc76,0.0005,0.0017361111111111119,-0.04676221362067162,0.015625,0.013888888888888888,0.01652892561983471,0.06329113924050633
23d12772b47874ddc94cc59f68581b34c60bac6292ab64013c454ced2f1edfcf,0.001,-0.04427083333333333,-0.025839522962652996,0.0390625,0.08333333333333333,0.024793388429752067,0.05063291139240506
d382e09ede58fdae87512638eca70151d4b7760699c2093d476eacb82b7ca2cb,0.00025,0.0234375,-0.0379746835443038,0.0234375,0.0,0.0,0.0379746835443038
006b05b9f140fe50bcbb56d7b1b550f30c4ff73608ec2abd2c32b8dc738b3e52,0.002,-0.0685763888888889,-0.03127942253373783,0.0703125,0.1388888888888889,0.08264462809917356,0.11392405063291139
b2aa7ce2e829b156b6b2a9da36e09488eda956e5a66a30f221742ee0aa8167f7,0.002,-0.048611111111111105,0.05680510513652056,0.0625,0.1111111111111111,0.10743801652892562,0.05063291139240506
970e85ed251450a649d0470d42557b2366a48a805f6ca2e38c898586c4ea8243,0.001,-0.07378472222222222,-0.005439899571084844,0.0234375,0.09722222222222222,0.05785123966942149,0.06329113924050633
72bf54d86917ac42baf1dc6a4084ad0bcdc0bccbe17535bf030f72d399d7d428,0.001,-0.04600694444444445,-0.038497750810754267,0.0234375,0.06944444444444445,0.024793388429752067,0.06329113924050633
4c3ccad34cb88ff13dab3bc998ad42ab96bb3312bd68a68c7350fabbea94787c,0.00025,-0.006076388888888888,-0.029710220734386443,0.0078125,0.013888888888888888,0.008264462809917356,0.0379746835443038
2a4e398656d9f4a293144b894100bfd6e5419e818ea7173875cbd9aa60f275ba,0.00025,0.0017361111111111119,0.007741395543466891,0.015625,0.013888888888888888,0.03305785123966942,0.02531645569620253
89f356a4646db6ab8d50b330b76d7bafccc6300ce2c481a0cba29b4e377b7536,0.002,-0.10243055555555555,-0.014750496913903122,0.078125,0.18055555555555555,0.09917355371900827,0.11392405063291139
b1d392eaa65e657ed7bd51f41f27ea885c4fa178c37a49a8f45949481de6fa88,0.001,-0.04427083333333333,-0.05167904592530599,0.0390625,0.08333333333333333,0.049586776859504134,0.10126582278481013
833d4b67356cde0d64dc270e89fbddede6fc60bc169b1ba5d5f87a4359f270cf,0.0005,0.0017361111111111119,-0.029710220734386443,0.015625,0.013888888888888888,0.008264462809917356,0.0379746835443038
985c5f3687b3cd0f6e35d01707ee4ba74b4b7d8690942d1e314961beddea1209,0.00025,-0.026041666666666664,-0.029710220734386443,0.015625,0.041666666666666664,0.008264462809917356,0.0379746835443038
4ab327c1afe50c489198a47432e6e559dd8ad9d1c462291365976a08b0be2cf0,0.001,-0.04600694444444445,-0.025839522962652996,0.0234375,0.06944444444444445,0.024793388429752067,0.05063291139240506
394af18a6575ed16caf21428a76bfd325ef9678156aa9b313edc6988e0c0b17e,0.0005,-0.05989583333333333,0.012135160581650801,0.0234375,0.08333333333333333,0.024793388429752067,0.012658227848101266
dc1557218fecc8dfd7701eece2ce7409469d811768217b70aa1ab75dd10bd6b9,0.001,-0.02864583333333333,-0.030756355267287372,0.0546875,0.08333333333333333,0.05785123966942149,0.08860759493670886
3b9d2070cfb6d80424ec20a5b2bb41a8a350a53a508339d12dfc30d4167597bb,0.002,-0.0685763888888889,-0.019144261952087044,0.0703125,0.1388888888888889,0.10743801652892562,0.12658227848101267
0e9567f86dfc2366fda3ff1348354dc067d4b61f5e346033ee1746657c0e93e6,0.0005,-0.03211805555555555,0.007741395543466891,0.0234375,0.05555555555555555,0.03305785123966942,0.02531645569620253
69a1231af5fc3f55054f1c14b1a7313be0d0b67e0ff876b205be63a03e091d42,0.002,-0.0685763888888889,-0.007009101370436227,0.0703125,0.1388888888888889,0.1322314049586777,0.13924050632911392
97b28df35b811f0a5dba92060bfa9d60f1cc23fb3123298c2b14a461bea2df00,0.002,0.016493055555555552,0.006172193744115498,0.0859375,0.06944444444444445,0.10743801652892562,0.10126582278481013
01b2b9b1485d0cfd8e749b46a212d07d970b9c58adeb3ec3fd81cc514b3e7875,0.00025,0.009548611111111112,-0.00439376503818391,0.0234375,0.013888888888888888,0.008264462809917356,0.012658227848101266
075c77e7f1d34dec05a8a2b81d147c28c47a918a1250432c29a85196c53ecef0,0.0005,-0.018229166666666664,0.0038706977717334456,0.0234375,0.041666666666666664,0.01652892561983471,0.012658227848101266
cb486db81d7c6b638f3ed5d2f87aea6f997afcb86dfa5dbcc043d51df6aa3cc5,0.002,-0.12760416666666666,-0.031802489800188294,0.0390625,0.16666666666666666,0.10743801652892562,0.13924050632911392
630430db6bdf777999aed92d4323ea68907c5ad135c7c76c053a9e48b216da65,0.0005,-0.033854166666666664,-0.03462705303902082,0.0078125,0.041666666666666664,0.04132231404958678,0.0759493670886076
71d7d82f6243548ebd2383fd8e6bf04948b2d168aac999ca017114ee49e78f49,0.002,-0.1675347222222222,-0.07364787111622553,0.0546875,0.2222222222222222,0.09090909090909091,0.16455696202531644
03c8abfb67da339adac0b002a4c3de5f13dac87b405926cff3db92d29df63200,0.001,-0.010416666666666664,-0.043414583115388636,0.03125,0.041666666666666664,0.05785123966942149,0.10126582278481013
ce661fc0485ee5f69ca8920286fe378220519d7edaa789bbc52782bc5ec79af3,0.0005,-0.024305555555555552,-0.013181295114551732,0.03125,0.05555555555555555,0.024793388429752067,0.0379746835443038
367deed34ba12786b520086a122ae77cc2544c0e8b531e4bf71757de832d1e57,0.002,-0.0685763888888889,-0.10670572235589496,0.0703125,0.1388888888888889,0.05785123966942149,0.16455696202531644
e4b4ba2429f40349883fc6576716547274793ef99ee3507087ee2cdef33f303c,0.001,-0.03993055555555555,-0.05167904592530599,0.015625,0.05555555555555555,0.049586776859504134,0.10126582278481013
8454c3bd73daf591f9a36ca540c0c6b12ada68300d2425b5b6afefc41ef0296d,0.001,-0.06597222222222222,0.0028245632388325115,0.03125,0.09722222222222222,0.06611570247933884,0.06329113924050633
d7c1104180f724f2d592adb6e558c2a0f866d11aba974a4208c3e7048d5c74d3,0.00025,-0.026041666666666664,-0.00878753007636782,0.015625,0.041666666666666664,0.01652892561983471,0.02531645569620253
0930a2a50e94c9d04a75bce20b1f537277ad2b235a58588e7c946db983b1a0f8,0.0005,-0.04774305555555555,-0.029710220734386443,0.0078125,0.05555555555555555,0.008264462809917356,0.0379746835443038
4862fa101ab06efd13bb2a8dc37275b1a4d264e8dc87ef61d0892b1ec48bad14,0.002,-0.040798611111111105,-0.005962966837535305,0.0703125,0.1111111111111111,0.08264462809917356,0.08860759493670886
1a1330e37e60a82207b4e13167ead43ff6397c9c1cf4d7d5461e8763be89d3f6,0.001,-0.050347222222222224,0.011612093315200335,0.046875,0.09722222222222222,0.049586776859504134,0.0379746835443038
6b6f91ba62efae00f09fbbdb547009f73ef44ff90923e257225aa6c928379dbe,0.002,-0.009548611111111105,0.032011716706768494,0.1015625,0.1111111111111111,0.08264462809917356,0.05063291139240506
6d46bfa8edc11fe92189f5797dc5889787665f9eb73fe8c444424021d8b82529,0.0005,-0.019965277777777776,-0.03410398577257035,0.0078125,0.027777777777777776,0.01652892561983471,0.05063291139240506
a1afd93bfcf98eac592d81b3b28597ccea2c2f3723dbcb0a293b1efd91e3b9d1,0.002,-0.15538194444444445,-0.08086619939324197,0.0390625,0.19444444444444445,0.03305785123966942,0.11392405063291139
c0eabf7d5c642cd9077bfaa2a018dcfd8b98dc6f5570a2916e29fc8066add117,0.00025,0.025173611111111112,-0.0005230672664504644,0.0390625,0.013888888888888888,0.024793388429752067,0.02531645569620253
8ed89750ca0679cca0a225b41215e7bd0d12197aaaef2703d61721a20b01f5ff,0.0005,-0.026041666666666664,-0.025839522962652996,0.015625,0.041666666666666664,0.024793388429752067,0.05063291139240506
344f34a1d32ba9c9a001e56e4d03ecfc7599d1fa3c5627b1ed5b429067fd6d72,0.002,-0.025173611111111105,-0.007009101370436227,0.0859375,0.1111111111111111,0.1322314049586777,0.13924050632911392
06ac4166ff41c713c472377079c7a75f0f332ed2bf3003e4e8e7247aeb720df9,0.0005,-0.026041666666666664,-0.0379746835443038,0.015625,0.041666666666666664,0.0,0.0379746835443038
74e1374887e7ed2aab0cb6c531089a7c5a0d0a978b07381dfe693a553f070d95,0.00025,0.0078125,-0.013181295114551732,0.0078125,0.0,0.024793388429752067,0.0379746835443038
2089de62ee23b764ee7416ed44e06943cc1d2e6d0f2465a886c3d2af3a7486b8,0.002,-0.0920138888888889,-0.06873103881159118,0.046875,0.1388888888888889,0.05785123966942149,0.12658227848101267
43df9600ee3c830bebff6b9b8363dd304e436611c8d17efa5ceb06b4897f54f6,0.00025,0.015625,-0.01757506015273564,0.015625,0.0,0.03305785123966942,0.05063291139240506
a80e517d6a65f5e37fdbd40011409f2b0c1ff03bcce5998535e1ce8bff22c028,0.001,-0.008680555555555552,-0.005439899571084844,0.046875,0.05555555555555555,0.05785123966942149,0.06329113924050633
c7e3fc46adc6c31774911ece5dce14e2f18ce6b2780a66e9956eb2b884ca82c0,0.0005,-0.012152777777777776,-0.03023328800083691,0.015625,0.027777777777777776,0.03305785123966942,0.06329113924050633
66c986f467fad2064b86abaed36964367704d30bc943f6a3a0e052c5bd154bff,0.00025,0.017361111111111112,-0.017051992886285176,0.03125,0.013888888888888888,0.008264462809917356,0.02531645569620253
04c161afcb5b52dac56a446561da181dd191fdd6ce90ca9391f43534838f8116,0.001,-0.05208333333333333,-0.0137043623810022,0.03125,0.08333333333333333,0.049586776859504134,0.06329113924050633
794d44349a5cfe8e814d55804ae0ba796b3d277c7ebe4910a972f126071e572c,0.00025,0.0017361111111111119,0.008264462809917356,0.015625,0.013888888888888888,0.008264462809917356,0.0
93b1c2ebd2b8663c794c35bf83943916da3344d1e433a54caf29b512c59fd200,0.0005,0.017361111111111112,-0.025839522962652996,0.03125,0.013888888888888888,0.024793388429752067,0.05063291139240506
7e5f759acf452d22b947d685a363abe7964646579a9cd215dcb76dd8e3b400c4,0.0005,-0.010416666666666664,0.03692854901140287,0.03125,0.041666666666666664,0.049586776859504134,0.012658227848101266
97fe5e7f07a64fd828267b42b3bf0b5d4cbed21992af2958c9f287d0dbca1704,0.00025,-0.026041666666666664,0.012135160581650801,0.015625,0.041666666666666664,0.024793388429752067,0.012658227848101266
1e8261c85301df5bc0c555c4084430b0e78ced42e7ac1ed2c48f280c75e3f974,0.00025,0.0234375,0.012135160581650801,0.0234375,0.0,0.024793388429752067,0.012658227848101266
a3cdfc78d70cc0742dc8edc562a39b714fefd14a607243e4960e7c5ea79480ba,0.00025,-0.019965277777777776,0.0,0.0078125,0.027777777777777776,0.0,0.0
3b3c69bfe1ea7d3417e6f0cb7831cd1890ff9efc41485332a6269801eec79431,0.002,-0.017361111111111105,0.051888272831886184,0.09375,0.1111111111111111,0.14049586776859505,0.08860759493670886
82cd8fe93cdbb79bc84df18fbb1a377ec64888dfe2e97e914c0b2e6cd7b0bd0b,0.001,-0.04427083333333333,-0.0137043623810022,0.0390625,0.08333333333333333,0.049586776859504134,0.06329113924050633
642167135f7bf6f92e18ecd1053d7492af60a906af6918453d48406ad0fd3897,0.001,-0.05208333333333333,-0.004916832304634376,0.03125,0.08333333333333333,0.03305785123966942,0.0379746835443038
1828c65e0f43f67e9e18510fb6b24b46711f81a9077800fce4b148e533a88c62,0.001,-0.03819444444444445,-0.05994350873522335,0.03125,0.06944444444444445,0.04132231404958678,0.10126582278481013
70279ead3bec9b7e96f06997217364ead88ddb28465de113f6c9d3d9a6accc8c,0.002,-0.09635416666666666,0.0023014959723820505,0.0703125,0.16666666666666666,0.09090909090909091,0.08860759493670886
2852b7ff8e5e77dbf55d6569bbb35253228fd4522b19f56bb25e9bbc298dc1d4,0.002,-0.042534722222222224,0.02270111936395021,0.0546875,0.09722222222222222,0.12396694214876033,0.10126582278481013
2176f41783e762b513f331e9bf4f5c997022324237690a8677f6976c79071147,0.00025,-0.012152777777777776,-0.004916832304634376,0.015625,0.027777777777777776,0.03305785123966942,0.0379746835443038
e52cc5237b8f4b7f5a08762fbed5c50a714a0ed255e24895446f7d3e04f1b0e6,0.0005,-0.024305555555555552,-0.021445757924469087,0.03125,0.05555555555555555,0.01652892561983471,0.0379746835443038
f893ba346355e5263eed1ddca4efae7142ada1554645520e8f1eb82c2d133d25,0.002,-0.060763888888888895,-0.03902081807720473,0.078125,0.1388888888888889,0.049586776859504134,0.08860759493670886
ef5ccd9e100038eaeca590bb86f90622b26afb602bebc9512c60f4a108b50adc,0.002,0.010416666666666671,-0.010356731875719213,0.09375,0.08333333333333333,0.09090909090909091,0.10126582278481013
5e28b410da9d87744ab3ccf63ded66aacc218e6c7c00ceebc618c3cf1ac4face,0.0005,-0.03993055555555555,-0.00878753007636782,0.015625,0.05555555555555555,0.01652892561983471,0.02531645569620253
aa11da04abef01ee9abc8383c6ced3165a0ae874dbf767ca268550045c2a9f8f,0.001,-0.03819444444444445,-0.005439899571084844,0.03125,0.06944444444444445,0.05785123966942149,0.06329113924050633
90e20165f288fb596f7808712d6a0d4720d051fa8c212b7cc8bff598c8898ec5,0.002,-0.11371527777777779,-0.03127942253373783,0.0390625,0.1527777777777778,0.08264462809917356,0.11392405063291139
2584ece95eb375ef4daaf43c64bdc2e9c3a81ddfafb3fe8f9a8f1e487a71358c,0.0005,0.005208333333333336,-0.029710220734386443,0.046875,0.041666666666666664,0.008264462809917356,0.0379746835443038
8d8a3002002788fde3300b3ba5a84d7a1a4a9def6fe3a19889f945e186cff8ea,0.001,-0.05381944444444445,-0.026362590229103464,0.015625,0.06944444444444445,0.049586776859504134,0.0759493670886076
9b9b6866042970d4add11a55da6c10239648416c38db4e14565927f4ccead19e,0.00025,-0.019965277777777776,-0.00878753007636782,0.0078125,0.027777777777777776,0.01652892561983471,0.02531645569620253
7e3abf4ab066a878e898c648336aaed041a94d9c8a308314c287a8e1af24f87e,0.0005,-0.04600694444444445,-0.021445757924469087,0.0234375,0.06944444444444445,0.01652892561983471,0.0379746835443038
d31d4ceb132488e8fdad1233c1d91b825f4ede409de03f10d215953688d33d87,0.00025,0.0017361111111111119,-0.00439376503818391,0.015625,0.013888888888888888,0.008264462809917356,0.012658227848101266
2a0b607e0318a0ec8fc663857ccdc5f46ab43d5385127f2a38b36f8c6089c740,0.0005,0.011284722222222224,-0.004916832304634376,0.0390625,0.027777777777777776,0.03305785123966942,0.0379746835443038
44081bca5049fbae47e5387adb5423018c539f757947ea35efadb79eecf68832,0.0005,-0.026041666666666664,0.0033476305052829794,0.015625,0.041666666666666664,0.04132231404958678,0.0379746835443038
17497fed37268fc034a0731a67561a14ec9637e38388885c7e696f91661f2b8f,0.001,-0.030381944444444448,0.007218328277016427,0.0390625,0.06944444444444445,0.05785123966942149,0.05063291139240506
4b4f8d389cbc4f226a60b4e82fc368b51b616d9b4d1ab1a414958b2198725fc5,0.002,-0.07465277777777779,-0.03954388534365519,0.078125,0.1527777777777778,0.0743801652892562,0.11392405063291139
b32faad92c25da863e1c67700ebb2c77ea688286ed86a9d654c2d4d0dfe79d1f,0.00025,0.0017361111111111119,-0.021445757924469087,0.015625,0.013888888888888888,0.01652892561983471,0.0379746835443038
49b184e2ead0e893fc5295590f12ec81254659e3838caf08d21da9b76ea0514a,0.002,-0.14149305555555555,-0.026885657495553925,0.0390625,0.18055555555555555,0.0743801652892562,0.10126582278481013
974d9211be6247450a6f495fb68d07d87a9447054c0e477af8b7ae30a4f4e56e,0.002,0.0026041666666666713,-0.06098964326812428,0.0859375,0.08333333333333333,0.09090909090909091,0.1518987341772152
18c9d80efbddd988e3e01f1619ca0f6412d6f063baaa4848a73b3a044f28ec54,0.001,-0.0859375,-0.07647243435505806,0.0390625,0.125,0.024793388429752067,0.10126582278481013
55fda3f9f9dc66d9deec5ffff13300027652d9a3c87c5ace7ec27b8ea1cead5a,0.001,-0.05208333333333333,-0.042891515848938175,0.03125,0.08333333333333333,0.03305785123966942,0.0759493670886076
20597d9a21eca012852483b13f08830f5af2b3b6412f8ed0186944b5affb8160,0.001,-0.08246527777777779,-0.04728528088712208,0.0703125,0.1527777777777778,0.04132231404958678,0.08860759493670886
47f003f12d309fee97fe15ce127774ea510738b23d9f32e5e6fa501567cf8b8f,0.0005,-0.018229166666666664,-0.017051992886285176,0.0234375,0.041666666666666664,0.008264462809917356,0.02531645569620253
a8c1fea78f50413df31cc58cb403ecb9ddd20d1c514fcebfb0e8dd14979b048a,0.002,-0.06684027777777779,-0.031802489800188294,0.0859375,0.1527777777777778,0.10743801652892562,0.13924050632911392
482f9bb74e396230e41acb238caf3964559f8d6f6f94a105834a53b8cd581e55,0.002,-0.06684027777777779,-0.006486034103985766,0.0859375,0.1527777777777778,0.10743801652892562,0.11392405063291139
655606b90738dde5d930bc3538e73b1444c281c93a2a8d3d2d9fe47fd6f78b94,0.00025,-0.004340277777777776,-0.029710220734386443,0.0234375,0.027777777777777776,0.008264462809917356,0.0379746835443038
ecb7bd39421b1420b2aa8fcdcdb5aacd30fad765e39f2b2ace6f9644ad744518,0.00025,0.015625,-0.0005230672664504644,0.015625,0.0,0.024793388429752067,0.02531645569620253
b40029039272bba2cd032b4ca6000b4ab4716700bfb00a7a49bb02ee5a2a523c,0.00025,-0.004340277777777776,-0.0005230672664504644,0.0234375,0.027777777777777776,0.024793388429752067,0.02531645569620253
ceacc9496db4935b2e95223730eaea4acdbc651e68c20257a084039062a60771,0.0005,-0.004340277777777776,-0.009310597342818284,0.0234375,0.027777777777777776,0.04132231404958678,0.05063291139240506
cdd91e20e38175982dccfb82d9a7a7a77d6e8c1bc41580dcdaa49c4cfc328f78,0.00025,0.0234375,-0.021445757924469087,0.0234375,0.0,0.01652892561983471,0.0379746835443038
886a14107d7fa93a41960fdb8744e8befb34c8a890a5c627d34c2259f4531f7d,0.001,0.013020833333333336,0.016005858353384247,0.0546875,0.041666666666666664,0.04132231404958678,0.02531645569620253
871eeed3c312ae1c1b0d82e797cf08a5b6ec5f951be8baf55219b787920ce8b7,0.002,-0.13194444444444445,-0.0984412595459776,0.0625,0.19444444444444445,0.06611570247933884,0.16455696202531644
ce6782620f5dd17a1d3f303ae30247819a421673b70a10e3f2691016e3bb8326,0.001,-0.05208333333333333,-0.005439899571084844,0.03125,0.08333333333333333,0.05785123966942149,0.06329113924050633
17df288bac8e69c85877eb2bd2de2630610f8a6cc2f30e618db3003897b87e9d,0.0005,-0.019965277777777776,-0.059420441468772886,0.0078125,0.027777777777777776,0.01652892561983471,0.0759493670886076
c72e1b7e4ede94ad4bdfc4f7f11e86cb1620b243af3231328518794ad92972f5,0.00025,0.009548611111111112,-0.017051992886285176,0.0234375,0.013888888888888888,0.008264462809917356,0.02531645569620253
cd1c57fc2c59a8395ae46a8f8f371ec7eb2dd8af8e26085580b047569b148189,0.0005,-0.012152777777777776,-0.017051992886285176,0.015625,0.027777777777777776,0.008264462809917356,0.02531645569620253
2c762a8ce9fb15b1e70eb606085a177210df3f41b4f3fed4c40e5958a0a08f4f,0.001,-0.0642361111111111,0.0028245632388325115,0.046875,0.1111111111111111,0.06611570247933884,0.06329113924050633
c035a072512832161a9c19e3a318412f2d5a6fa84d9226221a046c265dd900cb,0.00025,0.015625,-0.01757506015273564,0.015625,0.0,0.03305785123966942,0.05063291139240506
a9cc3490dc0db659a6f414e370cc3e9b472b2a6bf46835afcacb43fe4a776b07,0.002,-0.060763888888888895,-0.19091955225441992,0.078125,0.1388888888888889,0.049586776859504134,0.24050632911392406
caac696e9cdcb98e992d9df26f9d5714215efbc28887f6540176d6287c50e362,0.0005,-0.026041666666666664,0.024270321163301602,0.015625,0.041666666666666664,0.049586776859504134,0.02531645569620253
eb3aba04154b32c78e4b886200d9a6f08eb2997a841ab58963e9b5304463f53c,0.0005,-0.004340277777777776,-0.05502667643058898,0.0234375,0.027777777777777776,0.008264462809917356,0.06329113924050633
c67a925ca5f9b7a0e2212c59e998d3803c589bb1d9a2bec3893786126b7dc7c2,0.00025,-0.019965277777777776,-0.017051992886285176,0.0078125,0.027777777777777776,0.008264462809917356,0.02531645569620253
b21c5e8601233b6a0a2a304a85c071e61665c374b6242ce855ca76c793a12633,0.001,-0.1015625,-0.043414583115388636,0.0234375,0.125,0.05785123966942149,0.10126582278481013
19ad3b0feb534341f03e4fdd1aeba35e575e040c7da2ed75c8c670f730e1a5af,0.0005,-0.012152777777777776,0.0033476305052829794,0.015625,0.027777777777777776,0.04132231404958678,0.0379746835443038
b6f282c17656de4b1552c415bbe619fcc6a0211377cea653ce6369b13537b71a,0.001,0.005208333333333336,-0.009833664609268752,0.046875,0.041666666666666664,0.06611570247933884,0.0759493670886076
a4eeb81864e9f4255e73f333ba47700564a35ac7ce7feceb2bdb8a50ba4add9b,0.001,-0.018229166666666664,-0.025839522962652996,0.0234375,0.041666666666666664,0.024793388429752067,0.05063291139240506
4a5f82b465bb487e5e1e688639fbf3dcd01b7cee6732a2ba78583161c4cf780a,0.002,-0.08246527777777779,-0.06046657600167382,0.0703125,0.1527777777777778,0.06611570247933884,0.12658227848101267
bb074dd85c58c7a01fa0728d46c7da016cf38b337e3d49bb076e6f33765f0236,0.002,-0.1814236111111111,-0.06873103881159118,0.0546875,0.2361111111111111,0.05785123966942149,0.12658227848101267
0348a37fb91831d402f88fc6962260ac5a0a54e613d0e26cc388c7ac3de55767,0.002,-0.0876736111111111,-0.035673187571921755,0.0234375,0.1111111111111111,0.09090909090909091,0.12658227848101267
10180eeff0bb5a55da3e23044c9aaf1647aec38a17713f92d889636f29c4b27a,0.002,-0.21875,-0.12375771524218016,0.03125,0.25,0.06611570247933884,0.189873417721519
b28dbdb1a423e54d904693272e92c142477a3d491817e8526e7783acd708b5a9,0.00025,-0.018229166666666664,-0.021445757924469087,0.0234375,0.041666666666666664,0.01652892561983471,0.0379746835443038
779e4f62e2d0d94896dc3cd8ab5624b28d4e9a560d88030c65ac4175e5b7f8b8,0.002,-0.0920138888888889,0.031488649440318026,0.046875,0.1388888888888889,0.10743801652892562,0.0759493670886076
ca5f1639d83e3082089d4c6c8387836677c64abcc2675b19aaa584396f6a5117,0.00025,0.025173611111111112,-0.029710220734386443,0.0390625,0.013888888888888888,0.008264462809917356,0.0379746835443038
9ad14f7676e6ae10b679759dbaf7954cf691fcd7c60ebccecc24e9e07f459fea,0.0005,-0.018229166666666664,0.007741395543466891,0.0234375,0.041666666666666664,0.03305785123966942,0.02531645569620253
4958bf8ef5c50b620174c169bf6efda2cedb4f221b6d0aff49995e08f96a2167,0.001,-0.0920138888888889,-0.03902081807720473,0.046875,0.1388888888888889,0.049586776859504134,0.08860759493670886
e6c0af0b97bac3005bd860090a3f8a402c8ae7915f1b1aec31dddca1005d1361,0.0005,-0.010416666666666664,-0.07207866931687415,0.03125,0.041666666666666664,0.01652892561983471,0.08860759493670886
46e4a939331f0fdcc6941a4ac5287bbb43f0d6ab6051ce8ecf9dcfdfc49b84c2,0.002,-0.13368055555555555,0.051888272831886184,0.046875,0.18055555555555555,0.14049586776859505,0.08860759493670886
3c9d6a658bb1aa96c8d4bce932d76dc071210dbfb62e0b5fa7e7925ecc2a085a,0.0005,-0.004340277777777776,0.028664086201485514,0.0234375,0.027777777777777776,0.04132231404958678,0.012658227848101266
ae09de22341acc99642986aaf9c7381ac262776e4005b6da61f705bd3bdc0e7a,0.0005,-0.018229166666666664,0.016005858353384247,0.0234375,0.041666666666666664,0.04132231404958678,0.02531645569620253
1b4b0686bbdb1656f6edbb470b9555b2aa8ae66d7701fd84a1a0174679ea0f8c,0.002,-0.1579861111111111,-0.047808348153572544,0.078125,0.2361111111111111,0.06611570247933884,0.11392405063291139
cb8de2fb7b9e46fc55d55cb31d0b69a4a7ffdfdc7829d5cdd267f3e135cc7f45,0.0005,0.0034722222222222238,-0.021445757924469087,0.03125,0.027777777777777776,0.01652892561983471,0.0379746835443038
ce1d4a2828b7c9d3ae1c1f68817d5ab4868343a5183b404c8d00236d2a4cd78f,0.002,-0.13975694444444445,-0.04393765038183911,0.0546875,0.19444444444444445,0.08264462809917356,0.12658227848101267
5fc535bc018828ba3465f71f17ec6ba22eeb9d716b47cb802a02754865617c38,0.001,-0.05208333333333333,-0.001046134532900929,0.03125,0.08333333333333333,0.049586776859504134,0.05063291139240506
3c49ab1938255650a6027f2de20c1e4c41c3fbb93af7c0c057adb61f9c0fbb23,0.00025,0.015625,-0.017051992886285176,0.015625,0.0,0.008264462809917356,0.02531645569620253
a3243ce7707a2a3682e9edb42f661751af7593e49dee8391462be0e0e7feca5b,0.002,0.004340277777777776,-0.019667329218537505,0.1015625,0.09722222222222222,0.1322314049586777,0.1518987341772152
5a4ec307db17a02d89427e1d36f5a0695b7232fccec678d6d40d0d3d9f2f4a9e,0.002,-0.1831597222222222,-0.10283502458416152,0.0390625,0.2222222222222222,0.0743801652892562,0.17721518987341772
f26ad1043764542794c40fb7341de498c230c8d628b7c51fa55d6b45043d1884,0.0005,-0.012152777777777776,-0.021445757924469087,0.015625,0.027777777777777776,0.01652892561983471,0.0379746835443038
1fb22debd509f7269ae1561a95958168aa4b9b2ee1814dee92618c4816f8fdef,0.002,-0.13368055555555555,-0.08630609896432681,0.046875,0.18055555555555555,0.09090909090909091,0.17721518987341772
23785b7709f4a03b49aa7b230639c7630aa8cd032261a1cf700efbbd5b5f05bc,0.0005,-0.03993055555555555,0.012135160581650801,0.015625,0.05555555555555555,0.024793388429752067,0.012658227848101266
38ad64a00da8ad19b42f1a1d9be9955cad529de00196ae369a78a4f4a1ba4c58,0.001,-0.04427083333333333,-0.07647243435505806,0.0390625,0.08333333333333333,0.024793388429752067,0.10126582278481013
77b67dc821a2063d6bb5f1d95ddf0dc7682765d11d05c15a1856ab1ea439048a,0.0005,-0.06163194444444445,-0.021445757924469087,0.0078125,0.06944444444444445,0.01652892561983471,0.0379746835443038
d4e9257141b19b2aaf1948b6c50efe8cdc0ffd61abb2428441288a1fe8a1ce38,0.001,-0.0876736111111111,-0.0638142065069568,0.0234375,0.1111111111111111,0.024793388429752067,0.08860759493670886
48fbf19827a63a6b1427a343290e4962b58858bd34c08957b0e30bec5fde549c,0.00025,-0.019965277777777776,0.01652892561983471,0.0078125,0.027777777777777776,0.01652892561983471,0.0
c01ac332544a621c872f912f0b9041d20c643c69e933e6b231949726b309afad,0.00025,-0.026041666666666664,-0.00439376503818391,0.015625,0.041666666666666664,0.008264462809917356,0.012658227848101266
5b6ffbcdb9ab97502829e65c46dbb03d57b1f3f7fef316f9dc17cb7375b5418a,0.00025,-0.019965277777777776,-0.00439376503818391,0.0078125,0.027777777777777776,0.008264462809917356,0.012658227848101266
6b39d5fb5c6da13124c3d3d404e09a931401f0bba2f38fd5d65c34732aad7976,0.001,-0.05208333333333333,-0.0638142065069568,0.03125,0.08333333333333333,0.024793388429752067,0.08860759493670886
cdbd70b0f913e574a0161fcb2d790a9a18fe0409e18b09a3a64896e5ead96b45,0.00025,-0.006076388888888888,-0.00878753007636782,0.0078125,0.013888888888888888,0.01652892561983471,0.02531645569620253
865dfc41997782f9b872d008bde2b17a68a63a0349e741cbad0729730e976bbf,0.001,-0.03819444444444445,0.028141018935035046,0.03125,0.06944444444444445,0.06611570247933884,0.0379746835443038
4946ca683e3b87304f8eb7b91da450d6fd9743c7b4f713232c6f82c1e821388b,0.002,-0.045138888888888895,0.023747253896851138,0.09375,0.1388888888888889,0.0743801652892562,0.05063291139240506
6862554e27799c25d2837c68bc26fa3b7c7b2082ad301aad684470acb9902622,0.001,-0.1293402777777778,-0.05554974369703944,0.0234375,0.1527777777777778,0.03305785123966942,0.08860759493670886
d5af2c66e80b627d661f9725a5e5c69549f53f1e4d5e4ef05390b4299f6be9df,0.00025,-0.006076388888888888,0.0038706977717334456,0.0078125,0.013888888888888888,0.01652892561983471,0.012658227848101266
aa99fd353edbeb708981ae088513c3e1238b7fded78ec5229d103fd4fa9ebc5e,0.001,-0.0720486111111111,-0.01757506015273564,0.0390625,0.1111111111111111,0.03305785123966942,0.05063291139240506
84d7db09a4a66ab80de8d84cf303232fb5d2699c1e35c5a38a7893393bdba5db,0.002,-0.026909722222222224,0.03535934721205147,0.0703125,0.09722222222222222,0.12396694214876033,0.08860759493670886
c80bd42dd2007dcd4ce2f14198ecc4247341eb77b27e1de5cc3fb045162a23de,0.001,-0.0008680555555555525,0.015482791086933782,0.0546875,0.05555555555555555,0.06611570247933884,0.05063291139240506
a327c015bd99a0562555110a7cb96e8f5c7788e23c6dcd705bc42ddd579a93fd,0.00025,-0.033854166666666664,-0.00878753007636782,0.0078125,0.041666666666666664,0.01652892561983471,0.02531645569620253
df8c88ad37ae458dadb1f63a701343406f2159ee3e10219ac3222f1d51f42832,0.0005,-0.024305555555555552,-0.038497750810754267,0.03125,0.05555555555555555,0.024793388429752067,0.06329113924050633
d13c3a0fe5ef60c2cad9945f9f19b3a755499039ddd3130e5bd820e5b5e91133,0.0005,-0.018229166666666664,-0.013181295114551732,0.0234375,0.041666666666666664,0.024793388429752067,0.0379746835443038
b1d8aebd08056f11a937c32029af28da9d6805e79563922c0ebda929ed7ed4c9,0.002,-0.11805555555555555,0.035882414478501934,0.0625,0.18055555555555555,0.09917355371900827,0.06329113924050633
00220e5e79806ebac37a1d0ec1aede12e32ca2b8b858e9aa18af8e7effcd6e59,0.002,-0.11805555555555555,-0.0912229312689612,0.0625,0.18055555555555555,0.12396694214876033,0.21518987341772153
117a4637377edde7a592e226c6444ca5c3ab2a6dbd5ba9c3a8dbd60324b32e26,0.0005,-0.004340277777777776,-0.021968825190919555,0.0234375,0.027777777777777776,0.04132231404958678,0.06329113924050633
7ecbf345b8e5654e34cd8ea05a6832a46352de83da7faca95e7ca0db0c789fba,0.002,-0.13802083333333334,-0.23663563134219062,0.0703125,0.20833333333333334,0.01652892561983471,0.25316455696202533
a1afed41c8e8512559674a42c7e80984b595093e824ba03706a055be8ec9b797,0.001,-0.1076388888888889,-0.021968825190919555,0.03125,0.1388888888888889,0.04132231404958678,0.06329113924050633
163ec5470a6268eb272aabeb87251727ddb2b147149291c4c81326747fd7ad65,0.001,-0.058159722222222224,-0.0638142065069568,0.0390625,0.09722222222222222,0.024793388429752067,0.08860759493670886
afcb930297b7343b8945a302072f385537be9321555f4f186f06883623c7f8fb,0.002,-0.11024305555555555,0.07720472852808871,0.0703125,0.18055555555555555,0.14049586776859505,0.06329113924050633
82cfc5c3a3a76926d067f02b4c775d65778694cd71fb3e1ea5ad52f3b1898b07,0.001,-0.010416666666666664,-0.03462705303902082,0.03125,0.041666666666666664,0.04132231404958678,0.0759493670886076
9f16a76dac8667a85c2e2d98b4fe15260c320a69085e0c4997de905b55d6754b,0.00025,0.0390625,-0.017051992886285176,0.0390625,0.0,0.008264462809917356,0.02531645569620253
08dd8688d3f00a00ee40b5b23c34cd682fb449cfc58affc7c1a116423c98142d,0.00025,-0.026041666666666664,-0.012658227848101266,0.015625,0.041666666666666664,0.0,0.012658227848101266
3a9fd14186a6f23144bebab4ad5fc72d08d6de291e76519a7802ea1379505a7c,0.001,-0.0798611111111111,-0.030756355267287372,0.03125,0.1111111111111111,0.05785123966942149,0.08860759493670886
8a03f0b9d5fb05133c3e42b2e76f5b3f6fd2dfebfdcb29a6d9c4b19cb4953262,0.002,-0.10590277777777779,0.02761795166858458,0.046875,0.1527777777777778,0.09090909090909091,0.06329113924050633
441354188db7ce174ad0c4c83e1ae8a56f8f51ee963c8e54456350c49f077fcb,0.001,-0.018229166666666664,0.03253478397321896,0.0234375,0.041666666666666664,0.05785123966942149,0.02531645569620253
0d50b87ffd1f37ae71216f33a0b49af67f3e407b835b89c3d26789e6e24684cf,0.002,-0.12239583333333334,-0.048331415420023005,0.0859375,0.20833333333333334,0.09090909090909091,0.13924050632911392
3dbec4ed280111c6f70cf5b95bd8007d71fffb43262f818ee2b01da94e952ed1,0.002,-0.026909722222222224,0.04362381002196883,0.0703125,0.09722222222222222,0.1322314049586777,0.08860759493670886
48df3b207ef975321159370714a8b041f039f0525dd6b68d5c300847e1bf804c,0.001,-0.06597222222222222,-0.09791819227952714,0.03125,0.09722222222222222,0.04132231404958678,0.13924050632911392
08618d5e80a808490208f540a0e3896a01ce5374fa01dd40907adcf67c7cac14,0.001,-0.08940972222222222,-0.0682079715451407,0.0078125,0.09722222222222222,0.03305785123966942,0.10126582278481013
2ebde67a0cf9c4443d477b1c33cbc03e03a4d26ec1cd05120e451ea57aeb957e,0.001,-0.05381944444444445,-0.004916832304634376,0.015625,0.06944444444444445,0.03305785123966942,0.0379746835443038
052d619a43409aef4e5a6c4c6db3fa9e15b995c6d7db3c3c16ebda3e1a7b23f1,0.0005,-0.033854166666666664,-0.0638142065069568,0.0078125,0.041666666666666664,0.024793388429752067,0.08860759493670886
60bae954c9f0eb6dda564533a72956fab0ca4d4508e1bd2dca2f8a37bf51f857,0.002,-0.10590277777777779,-0.03954388534365519,0.046875,0.1527777777777778,0.0743801652892562,0.11392405063291139
75e08ccdd9458e94f4d391e9b6cd14aa09c32fe0a127e3513f67eb83081fcce3,0.002,-0.11805555555555555,-0.0031384035987027936,0.0625,0.18055555555555555,0.1487603305785124,0.1518987341772152
ee81f06265a2de34d5a370649c37b5de3f4667fc7da5064eee76bd0c4aad689e,0.001,-0.024305555555555552,-0.005962966837535305,0.03125,0.05555555555555555,0.08264462809917356,0.08860759493670886
5daba56b52e1763575aaf7c095115803d3ee42644b6b161baa9d6dc520bf8305,0.00025,-0.04600694444444445,-0.029710220734386443,0.0234375,0.06944444444444445,0.008264462809917356,0.0379746835443038
16e92f9ac05ec8ed598e9d7fb727fbd96d2230ea4e9fc10c040b88d661940698,0.002,-0.10416666666666666,-0.06046657600167382,0.0625,0.16666666666666666,0.06611570247933884,0.12658227848101267
bb6f9b755195f94430dbdd1e75f52e318df191d6140aa9aa72dde5ccbfc1bd59,0.0005,-0.05989583333333333,-0.004916832304634376,0.0234375,0.08333333333333333,0.03305785123966942,0.0379746835443038
21658cd091e18f1d40b4fe6882978c2d935c7ee0305da0b4597c9260f9b06630,0.001,-0.0798611111111111,-0.009310597342818284,0.03125,0.1111111111111111,0.04132231404958678,0.05063291139240506
d5594535d2544062ccbb8f8737565f6b18f672389218aee247d20a366751c3fc,0.00025,-0.012152777777777776,-0.029710220734386443,0.015625,0.027777777777777776,0.008264462809917356,0.0379746835443038
b3df29482b879cee664d6d120ab0fbfe52dc5f6abfec29e79e91752624bab630,0.00025,0.0017361111111111119,-0.05502667643058898,0.015625,0.013888888888888888,0.008264462809917356,0.06329113924050633
82742dc5d6d2caf35a05b30ba3014d0852950fb2644dd66a99a27dbeece7e43c,0.001,-0.04600694444444445,-0.030756355267287372,0.0234375,0.06944444444444445,0.05785123966942149,0.08860759493670886
750080ad85603d888d9854f432681cba05f7d65395d8dc51be1f953064e20c9d,0.0005,-0.024305555555555552,-0.013181295114551732,0.03125,0.05555555555555555,0.024793388429752067,0.0379746835443038
9134e5b21f782936aea3fe96562e10f4b651f86f9ec91716512898aad798e53d,0.0005,-0.018229166666666664,-0.025839522962652996,0.0234375,0.041666666666666664,0.024793388429752067,0.05063291139240506
60e9285be43c5493273cde4ab4118141ef908d8cbf0bda3298c41b4d18948685,0.002,-0.09027777777777779,-0.030756355267287372,0.0625,0.1527777777777778,0.05785123966942149,0.08860759493670886
83260b2c085ad80bed31e61a3eb4dd2f6c7b7f04f8e4b8551f81fb491ea9340a,0.001,-0.014756944444444448,-0.025839522962652996,0.0546875,0.06944444444444445,0.024793388429752067,0.05063291139240506
e30340f67d726d2cc47dbdf61d33ca3214bf6abf5b5a48c3bf369f082d5b36b8,0.00025,0.009548611111111112,-0.00878753007636782,0.0234375,0.013888888888888888,0.01652892561983471,0.02531645569620253
7cb68f85100e5337bc07fabc76364413427b1dd784044cfa9a30313142270cba,0.00025,-0.05555555555555555,-0.03410398577257035,0.0,0.05555555555555555,0.01652892561983471,0.05063291139240506
be93baa90165d83f91122e1f22ed59a9f7f3d21fa912d6206f1f249a4ed9f5f3,0.001,-0.058159722222222224,-0.04676221362067162,0.0390625,0.09722222222222222,0.01652892561983471,0.06329113924050633
4d6c422ab1fb0458e28a5137d751b17af1a99ac65b93212dc5ca88433022d501,0.001,-0.058159722222222224,-0.03462705303902082,0.0390625,0.09722222222222222,0.04132231404958678,0.0759493670886076
bb553972ec6b827ae5cc8aa1ac6e7c2566f890cdf21e970445a18c15abbfc2fd,0.002,-0.0920138888888889,-0.005439899571084844,0.046875,0.1388888888888889,0.05785123966942149,0.06329113924050633
9763b45d3863d8bd681911339405a3f61e181f7f1132e48f0e20f12f4d9d074c,0.0005,-0.05381944444444445,-0.04236844858248771,0.015625,0.06944444444444445,0.008264462809917356,0.05063291139240506
9c0e485e1bc9697d6c3c096eb43c4ddea9c785eaab06fc189c569efe4c967f7b,0.002,-0.06597222222222222,-0.0015692017993513968,0.03125,0.09722222222222222,0.0743801652892562,0.0759493670886076
fab8f433d6f6bb610ff043434b54f18824bcad5c38069edd6b0404477ea4af7a,0.002,-0.060763888888888895,0.02270111936395021,0.078125,0.1388888888888889,0.12396694214876033,0.10126582278481013
6249ba1e225c6386557b7ff651a8d160f9ad8879d82324e9f4f8b8b3bb901b20,0.002,-0.078125,0.023747253896851138,0.046875,0.125,0.0743801652892562,0.05063291139240506
71477b161a1f6b4fa8ae01e985e93b18d217f9310225ea451568ab6efbd6d2cc,0.001,-0.1015625,-0.026362590229103464,0.0234375,0.125,0.049586776859504134,0.0759493670886076
366837c86033b257595dfa9ec0d021e04dbf75132658de7ac01c49abf14b5204,0.001,-0.09375,-0.005439899571084844,0.03125,0.125,0.05785123966942149,0.06329113924050633
78939b3e8c00d89b251a9c8bdf678cedf9846c23dd9e6748d1e989492879f6be,0.002,-0.13541666666666666,-0.06046657600167382,0.03125,0.16666666666666666,0.06611570247933884,0.12658227848101267
75e2e53c8bcb3d904fa2053882b8ce8b2c70ef1b2fdf8b8ef4508f26bc8dd96e,0.00025,-0.019965277777777776,-0.029710220734386443,0.0078125,0.027777777777777776,0.008264462809917356,0.0379746835443038
f0b22d6302b496221564e305bf70d3a28f43bc9c4a391a97069317868c917daa,0.002,-0.052951388888888895,-0.010879799142169688,0.0859375,0.1388888888888889,0.11570247933884298,0.12658227848101267
dabee2aec04710fcaf92fdbd555da095eb58ace2a43c0f2726a6a477f1bac4f5,0.0005,0.03125,-0.001046134532900929,0.03125,0.0,0.049586776859504134,0.05063291139240506
ef6d19b7a07253e1b35bebfd8106441d2a41f96858e5753d63740edb7bc1e85b,0.001,-0.0008680555555555525,-0.026885657495553925,0.0546875,0.05555555555555555,0.0743801652892562,0.10126582278481013
767198b19a80585e3861324454689951049173b36c78c8e975a238d15753ddb7,0.002,-0.0234375,-0.1364159430902814,0.1015625,0.125,0.06611570247933884,0.20253164556962025
6ce9bc365addb82dc0325a8e3da67a7b04629d81b4f7f6f1c119ec8ae8001d49,0.002,-0.11631944444444445,-0.05272518045820693,0.078125,0.19444444444444445,0.09917355371900827,0.1518987341772152
560bcad3a18b2eb106fdd320f832467c43f99eec4eed7c9a0b9bb76107727c4e,0.0005,-0.019965277777777776,0.016005858353384247,0.0078125,0.027777777777777776,0.04132231404958678,0.02531645569620253
85b8038c09fc6fbb568009b8a896cccc3c1aa9ed76593dbc35b30a515dd34c2a,0.001,-0.058159722222222224,-0.01757506015273564,0.0390625,0.09722222222222222,0.03305785123966942,0.05063291139240506
a872c9c00e76041b06aa5f7f10c0bb0f206de49521124fb92d06fcf63b889d0d,0.0005,-0.004340277777777776,-0.0005230672664504644,0.0234375,0.027777777777777776,0.024793388429752067,0.02531645569620253
ffea93bb16eca0932ccc57094a054f00403127b91f2cc0f05ca3eecef1762a14,0.001,-0.12152777777777779,-0.05115597865885553,0.03125,0.1527777777777778,0.024793388429752067,0.0759493670886076
372259b19f8211d325c00b56e7dd03dc9116f4245a6f6bfb36af428147c06b03,0.0005,-0.06770833333333333,-0.01757506015273564,0.015625,0.08333333333333333,0.03305785123966942,0.05063291139240506
7cdcc9459d86c3baf4f4c21a2a34b5d1ab5c468775841ecbc81def9408b74319,0.002,-0.08854166666666666,-0.06046657600167382,0.078125,0.16666666666666666,0.06611570247933884,0.12658227848101267
c58fa5f2a4e9e47fc791015c04331fcd30a7e5fa593258bf8e39b71308234778,0.001,-0.04600694444444445,-0.03462705303902082,0.0234375,0.06944444444444445,0.04132231404958678,0.0759493670886076
79a788a398bdace517635a500baf599fc8730fdd8d8c94a9e00ec830354946c5,0.00025,0.0017361111111111119,-0.04676221362067162,0.015625,0.013888888888888888,0.01652892561983471,0.06329113924050633
b9239f759ec20a6ae8b7d3e8d2a3d7a0a713e3ed3a8beb85fb21ee5b63de4ea7,0.0005,0.0234375,-0.029710220734386443,0.0234375,0.0,0.008264462809917356,0.0379746835443038
99c46a1d35a072e45e89f3c1a104db931695dda753b2fe8131cb27f0e6da0f55,0.00025,-0.019965277777777776,-0.029710220734386443,0.0078125,0.027777777777777776,0.008264462809917356,0.0379746835443038
bc544e8d23292768d188b31c461d3ebec573d1badc9d0fbbc662e63df58408ab,0.0005,-0.05381944444444445,-0.029710220734386443,0.015625,0.06944444444444445,0.008264462809917356,0.0379746835443038
bedd8f7ff322cad33681a4e2a5436c5f7da06fdb1d01d1563e2e88ef8298497c,0.00025,-0.004340277777777776,0.008264462809917356,0.0234375,0.027777777777777776,0.008264462809917356,0.0
bea2050c012e8ad1fad96831516fd3d5c49a543b92c95130f386a607b8dca432,0.001,-0.018229166666666664,-0.021968825190919555,0.0234375,0.041666666666666664,0.04132231404958678,0.06329113924050633
1db12238cafcd15074fa4b31aca73c00541a1947dd7f8d79199b0b29bb2095d0,0.00025,0.0017361111111111119,-0.004916832304634376,0.015625,0.013888888888888888,0.03305785123966942,0.0379746835443038
d4923aaa55ada66cbfe627cdcfbf1c396b45b8124495dd297f05ffa3792e290e,0.00025,0.0017361111111111119,-0.021445757924469087,0.015625,0.013888888888888888,0.01652892561983471,0.0379746835443038
c235fc493442ac7437f5aa96656c61d2dc6126e62572d3a5b2e6ea4b1fec60ac,0.0005,-0.010416666666666664,-0.013181295114551732,0.03125,0.041666666666666664,0.024793388429752067,0.0379746835443038
40b0f24b5de37aeff617cb415113d8bb21ab457be28a8228df43e6a6fe671b2b,0.0005,0.0,-0.021445757924469087,0.0,0.0,0.01652892561983471,0.0379746835443038
c66ee0614c7f77da14c6d825e1a8c3267adb80c739f9eb57aeea55e663bb3e40,0.001,-0.0069444444444444475,-0.005439899571084844,0.0625,0.06944444444444445,0.05785123966942149,0.06329113924050633
bf007ae18d8bf0ee2fccf730ce66097dc8464fab36598dc54c8a9b3f2bcd92be,0.0005,0.0034722222222222238,-0.017051992886285176,0.03125,0.027777777777777776,0.008264462809917356,0.02531645569620253
48abf1d524d9ee3c272dc8503f97fec2f2f8e87d25d42907667b806980bd2cc7,0.001,-0.016493055555555552,0.007218328277016427,0.0390625,0.05555555555555555,0.05785123966942149,0.05063291139240506
14874df8e5728ffac26ffdb68b507a976d537c7bb0c7cebc4e21d564d738f510,0.0005,-0.019965277777777776,-0.059420441468772886,0.0078125,0.027777777777777776,0.01652892561983471,0.0759493670886076
f252eb9236df1b62409dae310c1beb552825bc55e231e67e2321dffb5ac2c797,0.00025,0.0017361111111111119,-0.00439376503818391,0.015625,0.013888888888888888,0.008264462809917356,0.012658227848101266
1b262d6da8597f85599d43691ea0b15fd4dae089860289f03ce0662654e19a7f,0.0005,-0.04774305555555555,-0.013181295114551732,0.0078125,0.05555555555555555,0.024793388429752067,0.0379746835443038
28804e82747967e8f10d0bb14cd3419358f3a4a5fd7fce61194addf6e76c9316,0.001,-0.02864583333333333,-0.009310597342818284,0.0546875,0.08333333333333333,0.04132231404958678,0.05063291139240506
0574d0dbe1fe3dd33e850faf9ee8fc146811b51614605c0deeaa7f077a843a20,0.0005,-0.05381944444444445,-0.013181295114551732,0.015625,0.06944444444444445,0.024793388429752067,0.0379746835443038
a0074897321caf1fd2ded946f505d2ed3c9316a6de4d886f8b15148864b27470,0.0005,-0.012152777777777776,-0.021445757924469087,0.015625,0.027777777777777776,0.01652892561983471,0.0379746835443038
a14d88ae9c43273afd4cd85aa17bc69c884e3ac2ee971b32dfd01646e9cac82b,0.001,-0.04427083333333333,-0.05554974369703944,0.0390625,0.08333333333333333,0.03305785123966942,0.08860759493670886
db77afb65b02ed25d206e9928d468944b029dcd97173ca442dd5b9b614d9052f,0.0005,0.005208333333333336,-0.038497750810754267,0.046875,0.041666666666666664,0.024793388429752067,0.06329113924050633
6966f968ec9666ba192fa5c255633e7772d0d0cfb7ab0851e86e275fde585753,0.0005,-0.012152777777777776,0.0033476305052829794,0.015625,0.027777777777777776,0.04132231404958678,0.0379746835443038
70ec64939cb0745bd8f5e47b7cec91fdaa8727dd344eb453e75d8aec5eea2b5d,0.0005,-0.018229166666666664,-0.009310597342818284,0.0234375,0.041666666666666664,0.04132231404958678,0.05063291139240506
e6d66aa7a34d586ccb98376c438a2431c2d6365c0d0b2ac8222af5d980a44800,0.002,-0.09809027777777779,-0.036196254838372216,0.0546875,0.1527777777777778,0.11570247933884298,0.1518987341772152
bf644ae7090f84e222ac10c834c5c528bb6e28b90d27777ed52cc039f66f0c5e,0.00025,0.03125,-0.00439376503818391,0.03125,0.0,0.008264462809917356,0.012658227848101266
dd1b8691bf50dd79197c7b7339536c60a0a68bbeb5d39cd7798a7ab7a2b6db0e,0.001,-0.02083333333333333,-0.04728528088712208,0.0625,0.08333333333333333,0.04132231404958678,0.08860759493670886
79825befb41b756747aa0c6af17bff38454703c908701481b9390e34cf082d25,0.00025,0.009548611111111112,-0.00878753007636782,0.0234375,0.013888888888888888,0.01652892561983471,0.02531645569620253
165144485043c1c20ed9893c91aa47e4cd0072863a42fec2bb3000e7324a68e0,0.002,-0.09027777777777779,-0.018098127419186108,0.0625,0.1527777777777778,0.05785123966942149,0.0759493670886076
411e07a1f185f401b82034ccfbabd41c06b94527c3748208acea58f260ede19b,0.0005,-0.012152777777777776,0.011612093315200335,0.015625,0.027777777777777776,0.049586776859504134,0.0379746835443038
142356d3c276d85cfdc79ed4bf030c311705e091fb624b5329508b1c9bc0ba6c,0.0005,-0.018229166666666664,-0.021445757924469087,0.0234375,0.041666666666666664,0.01652892561983471,0.0379746835443038
c995120e11e1eb1fa6b0646e294c22382da4b0fde9739e21fcef681423b424f6,0.002,-0.0998263888888889,-0.03127942253373783,0.0390625,0.1388888888888889,0.08264462809917356,0.11392405063291139
008b0b5b2548334f67ae3f79005a4a25b2104058d2fcfd1140b655449fde13b2,0.001,-0.06163194444444445,0.015482791086933782,0.0078125,0.06944444444444445,0.06611570247933884,0.05063291139240506
c1502d455473b0c952314917b0a1e263cde995d3c2f5b293b96dc02d8161eca8,0.002,-0.0720486111111111,0.052411340098336645,0.0390625,0.1111111111111111,0.11570247933884298,0.06329113924050633
c99f5297f235ea9284300ff5d1db9cdd539f9089dfd30f5074f49150bf2016cc,0.0005,0.017361111111111112,0.0033476305052829794,0.03125,0.013888888888888888,0.04132231404958678,0.0379746835443038
b2e6a4a1edeea5a9abbe0d88205d9da16e43da6c61b00b104e9f66d8efb61282,0.001,-0.06597222222222222,-0.004916832304634376,0.03125,0.09722222222222222,0.03305785123966942,0.0379746835443038
4090aab64e74fe7cc01c50346f2d77005836476f17e586c6b578846a3a14502a,0.00025,0.009548611111111112,-0.017051992886285176,0.0234375,0.013888888888888888,0.008264462809917356,0.02531645569620253
6852811b93de55380e37b9e100c4e4538fe99ce8216ad1687d6cc7594aa0ec4e,0.0005,-0.004340277777777776,-0.021445757924469087,0.0234375,0.027777777777777776,0.01652892561983471,0.0379746835443038
b3b29cc417591441cf91bccb62378e246ba397718ccb51e81dab8b328cf75393,0.001,-0.030381944444444448,0.0364054817449524,0.0390625,0.06944444444444445,0.0743801652892562,0.0379746835443038
34f2fd223db3af39886ba9c54ea997f4ccf5a6b0b65e077b1a777a43a55e3966,0.002,-0.11805555555555555,-0.1320221780520975,0.0625,0.18055555555555555,0.05785123966942149,0.189873417721519
3210ad3157a80d2aaaa89d63116d07118d681d42d96f0221cca4e4c9faaf71b6,0.001,-0.03993055555555555,-0.06433727377340726,0.015625,0.05555555555555555,0.049586776859504134,0.11392405063291139
c892aaf7f5cac2270c64adf468286e6f0cb5c6ef7f65d07fd8c95aa15fe5eb3c,0.0005,-0.04774305555555555,-0.017051992886285176,0.0078125,0.05555555555555555,0.008264462809917356,0.02531645569620253
1ff72a642a354a18214a760b8d34067187199f9063242bdb2cc2c8510f9f7d60,0.001,-0.03819444444444445,-0.08086619939324197,0.03125,0.06944444444444445,0.03305785123966942,0.11392405063291139
9782fef40e85990ad849f095d40618ec2c7807d479785dd47298672700375d4d,0.002,-0.11805555555555555,-0.03462705303902082,0.0625,0.18055555555555555,0.04132231404958678,0.0759493670886076
5f514114f694a27e7410f379b77b643e602a0c49f30ba8bc7c68201b8fdc0d61,0.00025,-0.019965277777777776,0.0,0.0078125,0.027777777777777776,0.0,0.0
dba2b7ba7de3f515d7b0d5c9a5af3647997a175cb54ada2e4c97620e56a4a10a,0.0005,-0.033854166666666664,-0.021445757924469087,0.0078125,0.041666666666666664,0.01652892561983471,0.0379746835443038
ac5d46085eeef509a793d756c556881269b0b2147ca0b20609215d8bfeb25bf0,0.002,-0.078125,-0.06486034103985772,0.046875,0.125,0.0743801652892562,0.13924050632911392
a1526d8cb9517411f0d4f5dd82cffd7e20571b79d2c2c2ee642959dacb9fba9d,0.00025,0.0034722222222222238,-0.029710220734386443,0.03125,0.027777777777777776,0.008264462809917356,0.0379746835443038
dcd4586d2e4c3bfabd778d70d6fe755d8080e46c6d00805d71246ec350ef890c,0.00025,0.0234375,0.012135160581650801,0.0234375,0.0,0.024793388429752067,0.012658227848101266
b927d9be01d15275393d72a004a9f797bcfc28c0cea8ff43249e5be80c29874b,0.0005,0.009548611111111112,-0.013181295114551732,0.0234375,0.013888888888888888,0.024793388429752067,0.0379746835443038
a3da9bdf65e093c1b05afd509c85da8e40dc7e20faa6d33fc1ff88064dc9756d,0.001,-0.008680555555555552,0.011089026048749867,0.046875,0.05555555555555555,0.0743801652892562,0.06329113924050633
b8da302ed22f8b8bab2720ed4c61b9677b927d5c113b47d84a3f56dfd2f081b8,0.00025,0.0017361111111111119,0.01652892561983471,0.015625,0.013888888888888888,0.01652892561983471,0.0
ad51b89975a568ea8ec94b66dd4a2acfacdad2267a22b32ee638603d2087c7c1,0.0005,0.025173611111111112,-0.025839522962652996,0.0390625,0.013888888888888888,0.024793388429752067,0.05063291139240506
bdd4f4e2ad1b4d510ec0179ce9b77ab522fcfddc39e79151e413cc3a086df101,0.00025,0.0017361111111111119,0.0,0.015625,0.013888888888888888,0.0,0.0
4daca143e6bd1184b21f76d42805592fb167540c38e85fb85e262b874efa06b2,0.00025,-0.026041666666666664,-0.021445757924469087,0.015625,0.041666666666666664,0.01652892561983471,0.0379746835443038
439caaf8b156bba759df31ec45ce4dd8f30e6429021a3fb72c2fd68d6fb3b48a,0.0005,-0.05381944444444445,-0.05502667643058898,0.015625,0.06944444444444445,0.008264462809917356,0.06329113924050633
9899afbcca9e53323f695636014df5d38d7c86c3080a86c5c1a36108ce63fc1c,0.001,-0.07378472222222222,-0.026362590229103464,0.0234375,0.09722222222222222,0.049586776859504134,0.0759493670886076
9c8336e56dd47a7b5f35c9bd289ac555a05e866fdb13ff42266b153c40fa06cd,0.00025,-0.010416666666666664,-0.04236844858248771,0.03125,0.041666666666666664,0.008264462809917356,0.05063291139240506
8e29b9e9027dd68ac9aaab8a8a98fc766166b1868e64ae67eb138b4b8b63cdce,0.0005,0.0034722222222222238,-0.03410398577257035,0.03125,0.027777777777777776,0.01652892561983471,0.05063291139240506
eecbc12bdf7c336bfa068a1c70e419daebd34efddb9528205c14d9bf7cc525f6,0.001,-0.022569444444444448,-0.03462705303902082,0.046875,0.06944444444444445,0.04132231404958678,0.0759493670886076
46f1cc579ac4f69c57824fcacf4632a0d99444557e669500a7175da360117e78,0.002,-0.09461805555555555,-0.06433727377340726,0.0859375,0.18055555555555555,0.049586776859504134,0.11392405063291139
8c0220d402fba1f3991a14fbeaa4c7b00ce0ce7888189437d86da58226c27e79,0.0005,-0.019965277777777776,0.03253478397321896,0.0078125,0.027777777777777776,0.05785123966942149,0.02531645569620253
d693a5ed639e3fb4dec2667cd7f666e40d01615b42b8a4ccad96f6604744072f,0.0005,0.0034722222222222238,0.007741395543466891,0.03125,0.027777777777777776,0.03305785123966942,0.02531645569620253
95f89950261eee400c6370021f0c74e37d282e303362fb614cb7a11d465883f0,0.00025,0.0078125,-0.0379746835443038,0.0078125,0.0,0.0,0.0379746835443038
b93ed86ac9e6dad6ce528f4c9abbcb9244b163d9308c3afc13b6723f9e05d0d0,0.00025,0.0,-0.0803431321267915,0.0,0.0,0.008264462809917356,0.08860759493670886
38a878e2078435759c29f8a78cdfd3f193d3e1110a431f6c3b9c2bd83456bdd1,0.0005,0.0034722222222222238,0.012135160581650801,0.03125,0.027777777777777776,0.024793388429752067,0.012658227848101266
b8ecda40503b38c3679a7466a79effaeea0518049e7e8838dda104388fe3f8b5,0.00025,0.0034722222222222238,0.007741395543466891,0.03125,0.027777777777777776,0.03305785123966942,0.02531645569620253
7e1c9b6987db7900b1ca6b90f1ef18e602d27297f7fb8aad5cb60d17571e207e,0.0005,-0.04774305555555555,-0.05502667643058898,0.0078125,0.05555555555555555,0.008264462809917356,0.06329113924050633
126d00df383619225905d6c8f037d869a6b1353f04179392404863cce2c89f02,0.002,-0.08680555555555555,-0.06486034103985772,0.09375,0.18055555555555555,0.0743801652892562,0.13924050632911392
d5b3df72019796a8425cb98779d697d22634b2e71600e978cca9e3cee3afdc19,0.00025,-0.013888888888888888,-0.038497750810754267,0.0,0.013888888888888888,0.024793388429752067,0.06329113924050633
77c206fc6f415f9c7f88ee164c4a4086d87406481cbdb1d8cf77ad93fcb24dd4,0.0005,0.0017361111111111119,-0.0005230672664504644,0.015625,0.013888888888888888,0.024793388429752067,0.02531645569620253
3bdccb59633e1769729dac709ad1f14e67ddff299a90653075d295b0c3520dde,0.00025,-0.012152777777777776,-0.021445757924469087,0.015625,0.027777777777777776,0.01652892561983471,0.0379746835443038
84da445d147d367f4b705cbfc4fb30460e815c541a5331ecf1311b1d880c0372,0.001,-0.08159722222222222,-0.021968825190919555,0.015625,0.09722222222222222,0.04132231404958678,0.06329113924050633
48feef1c0b88654f68b7193a89658ddcc4935efb9d7bed1221ec2c12144f7db0,0.00025,0.009548611111111112,-0.00878753007636782,0.0234375,0.013888888888888888,0.01652892561983471,0.02531645569620253
a6545aef2cad6769659cc5e6430a466071975cffb01cdcb4c4ee46fd15ed6621,0.0005,-0.03819444444444445,-0.013181295114551732,0.03125,0.06944444444444445,0.024793388429752067,0.0379746835443038
d18a801587cc29ce89f95da4ce6f483f03bac5de9cab2c25cbfa36599f50f887,0.00025,0.0017361111111111119,-0.012658227848101266,0.015625,0.013888888888888888,0.0,0.012658227848101266
2730138f35b1ebfc297bf8106486cead036dfc8baab815cebf84f453140de0f5,0.001,-0.03819444444444445,-0.022491892457370016,0.03125,0.06944444444444445,0.06611570247933884,0.08860759493670886
0616f157a361030c72d8c308a01b6d25a3b35cafad2d112a64035d891371c582,0.002,-0.09809027777777779,-0.0560728109634899,0.0546875,0.1527777777777778,0.05785123966942149,0.11392405063291139
950e8cf541adb6830a4bc43ee86bc3c696281fdaf9d19d4f6fefad9e94db5a1c,0.00025,-0.012152777777777776,-0.0005230672664504644,0.015625,0.027777777777777776,0.024793388429752067,0.02531645569620253
1d13aa46b566c099a989f7e731014545f6ae473a3221f6d9204efd91c05720c9,0.00025,0.0234375,0.0038706977717334456,0.0234375,0.0,0.01652892561983471,0.012658227848101266
0725885d1f6b7574acae07929080e7fd5d28d038c0d86ab9fae28820c6bc42b2,0.00025,0.0017361111111111119,-0.00878753007636782,0.015625,0.013888888888888888,0.01652892561983471,0.02531645569620253
c824e2c15734d707f88306a2b125e8a174cafff4e81fc0bb5d82c12893f54087,0.001,-0.03645833333333333,-0.0137043623810022,0.046875,0.08333333333333333,0.049586776859504134,0.06329113924050633
2232f746fcab6b7f5542e0c59055d10654a103a74b25b4fc4620fd10cc4071d9,0.00025,0.0034722222222222238,-0.004916832304634376,0.03125,0.027777777777777776,0.03305785123966942,0.0379746835443038
d8cbd0c6756e20701f1e3611fcfe1080ff6b93fafb65fb2800ad9a7bd0a04ea2,0.002,-0.019097222222222224,-0.002092269065801858,0.078125,0.09722222222222222,0.09917355371900827,0.10126582278481013
63f6582ae1e50aa01ece23e953c1cc0589675dc496c8116a42c2d4c06fa6e250,0.0005,-0.010416666666666664,-0.0005230672664504644,0.03125,0.041666666666666664,0.024793388429752067,0.02531645569620253
503648dc9118e83e6cc61b2d9d933156183e32828bcf67171b14b14349519098,0.002,-0.14583333333333334,0.03975311225023538,0.0625,0.20833333333333334,0.11570247933884298,0.0759493670886076
d19357a5dbc4ba581ffba733b41fe697bb06305f120052064375b75d32f0db6e,0.00025,0.03125,-0.00439376503818391,0.03125,0.0,0.008264462809917356,0.012658227848101266
fcdd60dd26e8f9b22eeda0ab1beb02ad1311bb4d3f6bfca7fe694001feb640af,0.002,-0.0842013888888889,-0.03127942253373783,0.0546875,0.1388888888888889,0.08264462809917356,0.11392405063291139
ea5406accec61696247bc57ba79238c8943d05a69d8cedf4d73222279d8e12ea,0.0005,-0.012152777777777776,-0.03410398577257035,0.015625,0.027777777777777776,0.01652892561983471,0.05063291139240506
74a8b3b4701bfd27265fdd2058ee63c37b41a4d1ca1d3d6ecba7022cf0bc7ca9,0.002,-0.0703125,-0.014750496913903122,0.0546875,0.125,0.09917355371900827,0.11392405063291139
e55d38bd8bed310bd65d9e14249c15f89ef24ddca8328b186ccc55c37c171562,0.0005,0.0034722222222222238,-0.009310597342818284,0.03125,0.027777777777777776,0.04132231404958678,0.05063291139240506
ae7cf61108f81c9e583659864df9291da79139a6ce05e6a1484c342751f21e6c,0.0005,-0.004340277777777776,0.02039962339156816,0.0234375,0.027777777777777776,0.03305785123966942,0.012658227848101266
8065a11e318ec0a6b7235219fe79a8267d3cbf6a89c5b5ebedc7ea58ec096e1a,0.001,-0.03645833333333333,-0.03023328800083691,0.046875,0.08333333333333333,0.03305785123966942,0.06329113924050633
13e52355225867e3af6b80e93488251ab4fc6d79d1b9ac139d191e56367d0b3c,0.001,-0.04600694444444445,-0.03410398577257035,0.0234375,0.06944444444444445,0.01652892561983471,0.05063291139240506
576662496728038e224e71e11e336af0a6bb55625ba792b564b78dbc59d6551a,0.001,-0.008680555555555552,0.03253478397321896,0.046875,0.05555555555555555,0.05785123966942149,0.02531645569620253
a72e73573392d0e9527d36ef285003475e3e57e4e030940ba7c9fde3c5d10185,0.00025,0.009548611111111112,-0.00878753007636782,0.0234375,0.013888888888888888,0.01652892561983471,0.02531645569620253
59caa19a85b8dc4e10613087b94c40feebd49649e1b1da5c9936627a123b2921,0.00025,-0.012152777777777776,-0.017051992886285176,0.015625,0.027777777777777776,0.008264462809917356,0.02531645569620253
8b99cc78d3cb5224793576097671ee3e7b24a24fb6d06417ba2121ba86390aaa,0.002,-0.005208333333333329,0.08159849356627263,0.078125,0.08333333333333333,0.1322314049586777,0.05063291139240506
f23384ab84b02fd2c2e1335f143f96ffb8f3ec3143ec7d49412bd8592837db43,0.002,-0.09809027777777779,-0.002092269065801858,0.0546875,0.1527777777777778,0.09917355371900827,0.10126582278481013
fb42fbb3176c48cb2875b84cdae050548972e6bfc5c5c2e1fe04f2e151a175a4,0.002,-0.04427083333333333,0.02322418663040067,0.0390625,0.08333333333333333,0.09917355371900827,0.0759493670886076
3d2ebf107429ef13ace7750af79be48e330263a60bc5b76a4112f03245eaa320,0.0005,-0.0026041666666666644,-0.021445757924469087,0.0390625,0.041666666666666664,0.01652892561983471,0.0379746835443038
46815ef2d0d26826ca6852c7d6e06e3ac2a00ce36b7c105a8d47065506ce512a,0.002,-0.11805555555555555,-0.026885657495553925,0.0625,0.18055555555555555,0.0743801652892562,0.10126582278481013
6923e7600e45690be2af78dceaeb4a95f0433accefe1067d8383a719575b3ac3,0.002,-0.1675347222222222,-0.07699550162150853,0.0546875,0.2222222222222222,0.049586776859504134,0.12658227848101267
89fdcf59afe181bb48ce859b58a8a6577baf0db5a91a2336a9189a94b20cd2a9,0.002,-0.078125,-0.04393765038183911,0.046875,0.125,0.08264462809917356,0.12658227848101267
20ceee28a85b56256b6921da84ccf6be935f00ce47338293c7a9a0529b3bae0c,0.00025,0.015625,-0.00878753007636782,0.015625,0.0,0.01652892561983471,0.02531645569620253
bbe970f662d2e7722a83420a2b17ca8f8604a8f648c01e6ab366b062d83c2018,0.00025,0.0017361111111111119,-0.017051992886285176,0.015625,0.013888888888888888,0.008264462809917356,0.02531645569620253
f35a1dd81538b498985da06fa291bd744f036f9a940c7ee1828d184a54fbb401,0.0005,-0.010416666666666664,-0.0005230672664504644,0.03125,0.041666666666666664,0.024793388429752067,0.02531645569620253
e88b86b798969d6d1f5009e69b0902a51c89307319719ceae8f41423b00dc26f,0.001,0.013020833333333336,-0.047808348153572544,0.0546875,0.041666666666666664,0.06611570247933884,0.11392405063291139
47857ddb984bedde810efb6ec402caea5db3838d310ef5d0decaebcae732bb84,0.00025,0.0017361111111111119,0.0038706977717334456,0.015625,0.013888888888888888,0.01652892561983471,0.012658227848101266
54a76e2285a53d3cb1f00c901a1f82bb50cbefd3072c4ea6801ec4046bb99823,0.0005,-0.05381944444444445,-0.05502667643058898,0.015625,0.06944444444444445,0.008264462809917356,0.06329113924050633
028661a4b6a0f350f1eb565f3de3d3e2c94b093e94531a3898f6ac213fa5ccd5,0.001,-0.024305555555555552,-0.0137043623810022,0.03125,0.05555555555555555,0.049586776859504134,0.06329113924050633
99dcd1eecd09f6b82f642c07bfa2788289cc294d74c6f500bbc95495e844f26c,0.002,-0.11979166666666666,-0.035673187571921755,0.046875,0.16666666666666666,0.09090909090909091,0.12658227848101267
4905f6b9eb777d3f657f1f843e92b3dea2386308d53d79716ccc24353d10539f,0.001,-0.030381944444444448,-0.038497750810754267,0.0390625,0.06944444444444445,0.024793388429752067,0.06329113924050633
6c687f9ecbec273de28afb906c013c8e14b19f01cd7e866ca4b298d6ccae6b39,0.001,-0.02864583333333333,-0.0137043623810022,0.0546875,0.08333333333333333,0.049586776859504134,0.06329113924050633
62ce523ba4767b2991ecdda6ef97a8d5c2880e299df7396e475144f0d408cdbe,0.00025,0.0017361111111111119,-0.02531645569620253,0.015625,0.013888888888888888,0.0,0.02531645569620253
8b63a6e4d7def536d5ef9880ffb8481dd08fd6ecfcd7f93281b451dd7d2db850,0.001,-0.1076388888888889,-0.05994350873522335,0.03125,0.1388888888888889,0.04132231404958678,0.10126582278481013
3f3aed82bc26bcd697a3000e5f47690d47cff0a650c261b2c09f46b94b032ba3,0.0005,-0.016493055555555552,0.0038706977717334456,0.0390625,0.05555555555555555,0.01652892561983471,0.012658227848101266
bb3e70708c78e70617f946c9a794b5eed7060a1558648c542ff8078696f039f9,0.0005,-0.019965277777777776,-0.059420441468772886,0.0078125,0.027777777777777776,0.01652892561983471,0.0759493670886076
d35134274f611d5840a8e61d2ec4e7172894365cf600e2f9e37003090d4c1729,0.0005,-0.024305555555555552,-0.04676221362067162,0.03125,0.05555555555555555,0.01652892561983471,0.06329113924050633
0e1bf50cbf676ddc62f4c80c3b44ab3696e8f9bc0fcfa6e894ca6801672ba168,0.002,-0.13194444444444445,0.006172193744115498,0.0625,0.19444444444444445,0.10743801652892562,0.10126582278481013
14f7cb199081ee5183d2674112237674f0cb4187b02c9b02e46cc2823c624972,0.0005,-0.05989583333333333,-0.04676221362067162,0.0234375,0.08333333333333333,0.01652892561983471,0.06329113924050633
60236483d9238a3af2913b17b71fb30f7c64ed13ff34c652a85deb7ee1433143,0.0005,-0.006076388888888888,-0.017051992886285176,0.0078125,0.013888888888888888,0.008264462809917356,0.02531645569620253
bd9f0b15606744bc4b0fe8342fe7e308f9245b36f76ade42d56e3eef1395175e,0.002,-0.10503472222222221,-0.08630609896432681,0.1171875,0.2222222222222222,0.09090909090909091,0.17721518987341772
a63384db94b777bd3ae38581e8cfd3ca64eb8ac1fe908b5587f9063a419927e2,0.00025,-0.013888888888888888,-0.021445757924469087,0.0,0.013888888888888888,0.01652892561983471,0.0379746835443038
34da7605cb036d06349a81865b41ff3cf5570ace324dd373662e35cf2d0c71c5,0.00025,0.0017361111111111119,-0.029710220734386443,0.015625,0.013888888888888888,0.008264462809917356,0.0379746835443038
284a0c051455a33a10615a54100fb4976af245d3a187efc0b03d764f0c0cdf2a,0.001,-0.04427083333333333,-0.01757506015273564,0.0390625,0.08333333333333333,0.03305785123966942,0.05063291139240506
536b547cf4dac5914862dfa056902af90cc73059c92fe22c1ed59a4537e0088a,0.001,-0.0859375,-0.0005230672664504644,0.0390625,0.125,0.024793388429752067,0.02531645569620253
03b62de3fe5e51f67b7149d9b91c3a832413d3371600bd1a89d8f6d2cd4eb1e8,0.002,-0.10590277777777779,-0.04393765038183911,0.046875,0.1527777777777778,0.08264462809917356,0.12658227848101267
2e6bb5e80ab0e2aa29f59fec8133a498b908312b86cec6508da59e2a75128b93,0.001,-0.1293402777777778,-0.0638142065069568,0.0234375,0.1527777777777778,0.024793388429752067,0.08860759493670886
a1388865dc2b0bebc42c09e925323dda098b8ddae59f1818a86d3394a8a109ac,0.001,-0.03645833333333333,0.0028245632388325115,0.046875,0.08333333333333333,0.06611570247933884,0.06329113924050633
0f5e206adcee4b6578f2aad04036d7c31445d9d83c8088c9abac416b660247e8,0.00025,0.0017361111111111119,0.007741395543466891,0.015625,0.013888888888888888,0.03305785123966942,0.02531645569620253
13aa57d2e189aab6d97ceaa189ad40d2e3b221d5f21fa5d511a7760234b48c16,0.001,-0.02864583333333333,-0.001046134532900929,0.0546875,0.08333333333333333,0.049586776859504134,0.05063291139240506
8f6b34a4952a90ad0e557fc98188d4714e2cf032618e9d6fa157e75b09e20fb4,0.001,-0.06597222222222222,-0.0638142065069568,0.03125,0.09722222222222222,0.024793388429752067,0.08860759493670886
6a55599084786cc20c5c807124021cceda1ffa390533afbbac497bf26cbcc598,0.00025,0.0078125,-0.00439376503818391,0.0078125,0.0,0.008264462809917356,0.012658227848101266
0fb73c46b6abab3c8a6bfe601edaca10c4d77c9a3f2e4e5d807a21e6cf37cb84,0.001,-0.04427083333333333,-0.05554974369703944,0.0390625,0.08333333333333333,0.03305785123966942,0.08860759493670886
3dbb10f5cb9d3ee46dd0c362f73012011241fc0de8f25a98520b47be2ea7336c,0.002,-0.13541666666666666,-0.06046657600167382,0.03125,0.16666666666666666,0.06611570247933884,0.12658227848101267
3955de2f48d0295f02e392265c21df712991d90b5d6bd723a00f48cecb5ec972,0.0005,0.0017361111111111119,0.0033476305052829794,0.015625,0.013888888888888888,0.04132231404958678,0.0379746835443038
19f0b033345bad8442523a315e39763e5ecef71d4684d9d342436878cec9eb7f,0.0005,-0.03993055555555555,-0.03023328800083691,0.015625,0.05555555555555555,0.03305785123966942,0.06329113924050633
604964504cfcf9d754b45623935baead9e19394f64b7a39a74eaca7dbdf34822,0.00025,-0.010416666666666664,-0.012658227848101266,0.03125,0.041666666666666664,0.0,0.012658227848101266
65f1d8c53f735ab25ee3540bbc25bc47349327c5e7d9da9b290217b3af9d70d5,0.0005,-0.018229166666666664,-0.013181295114551732,0.0234375,0.041666666666666664,0.024793388429752067,0.0379746835443038
c20565f21ca21a8654179cd48676b1aefd6503f81ba8e84bed5c784fb84fb042,0.00025,-0.012152777777777776,0.024793388429752067,0.015625,0.027777777777777776,0.024793388429752067,0.0
ef917b055d84b91fc77401b50b86b1ee925b2f59f8c983dfc2f945164272cb76,0.0005,-0.0026041666666666644,-0.017051992886285176,0.0390625,0.041666666666666664,0.008264462809917356,0.02531645569620253
3315bd922140f53f5bac003449d3d591227b5b0266e1780eb6a843adee75a5e3,0.0005,0.009548611111111112,-0.05502667643058898,0.0234375,0.013888888888888888,0.008264462809917356,0.06329113924050633
aef170fda8ff99f295526f159a30196e4583735e4c7bc13c99a2cb555d75aa5d,0.0005,-0.03211805555555555,-0.05063291139240506,0.0234375,0.05555555555555555,0.0,0.05063291139240506
0ef8a668391cd36834b92b821a14479551fdcddab46a0bca33820e961040ffaa,0.00025,0.0017361111111111119,0.007741395543466891,0.015625,0.013888888888888888,0.03305785123966942,0.02531645569620253
ebee2725a830b6aa081d91923a7c5a59ab7480a39d0d420d3b039a22594edd25,0.002,-0.10243055555555555,-0.006486034103985766,0.078125,0.18055555555555555,0.10743801652892562,0.11392405063291139
c93257b064f6414982caa1db6042277a81d6fdfc47da076909283f9600853c78,0.001,-0.03211805555555555,-0.001046134532900929,0.0234375,0.05555555555555555,0.049586776859504134,0.05063291139240506
34572058ffbbdd0280edc16dab0772de5919cc692af38d398b32311d82dba6bc,0.002,-0.1814236111111111,-0.03515012030547128,0.0546875,0.2361111111111111,0.06611570247933884,0.10126582278481013
db818a01e3843ec31acd9b6c053e9e5991800006af2be8ca4b22b5597c2663bc,0.0005,-0.024305555555555552,-0.01757506015273564,0.03125,0.05555555555555555,0.03305785123966942,0.05063291139240506
53376eb8f83b350d175a7757851e90b77b1ceaccb929abcf301925ebdbb4f04c,0.0005,-0.04774305555555555,-0.013181295114551732,0.0078125,0.05555555555555555,0.024793388429752067,0.0379746835443038
019a7aaa782bebb7bb695f9e65361ccc34a864d2b14fc3a6305a2ea38be368a2,0.00025,-0.024305555555555552,-0.00878753007636782,0.03125,0.05555555555555555,0.01652892561983471,0.02531645569620253
1034eb983fb1db6d1846b1907ca6e169fd68a7378347465fd6620195d291400d,0.002,-0.0998263888888889,-0.1154932524322628,0.0390625,0.1388888888888889,0.0743801652892562,0.189873417721519
fe132c8bb8ae37006d4fd943a058b4aa5c298555a3f4c7b4f2881c72d78f3745,0.0005,-0.033854166666666664,-0.01757506015273564,0.0078125,0.041666666666666664,0.03305785123966942,0.05063291139240506
dd95b19b94aa5f920b350eac7f0cc9da8f5aaea021d97dbef38cb99ce64fd555,0.00025,0.0017361111111111119,0.012135160581650801,0.015625,0.013888888888888888,0.024793388429752067,0.012658227848101266
27590a4331f02935c018b02e4778f4a80788e81b6b68ced8de70f610620bb9e3,0.0005,0.011284722222222224,-0.017051992886285176,0.0390625,0.027777777777777776,0.008264462809917356,0.02531645569620253
f51966a013939d016977499cbd55d135856c50ae49decd7d896fe76f034b4b79,0.0005,-0.018229166666666664,-0.021445757924469087,0.0234375,0.041666666666666664,0.01652892561983471,0.0379746835443038
2d222595a6f570448f3fc0cc53aa28327c39e20091eb329001e84bce0ed2a5c4,0.00025,-0.006076388888888888,-0.038497750810754267,0.0078125,0.013888888888888888,0.024793388429752067,0.06329113924050633
add33d34487d7ab65596fd26f3ff2536c2c940b1e3bd028cc18019661502b484,0.001,-0.03819444444444445,-0.03462705303902082,0.03125,0.06944444444444445,0.04132231404958678,0.0759493670886076
3a1178261a92c3bdf12e02cc0db122503015f1ffd5087c1b535d01c5a0b3a8fb,0.001,-0.03819444444444445,-0.018098127419186108,0.03125,0.06944444444444445,0.05785123966942149,0.0759493670886076
789d5c3821be257c34994a01e0513b3a87d0857044722a58aff122b2eab72e7a,0.00025,-0.012152777777777776,-0.038497750810754267,0.015625,0.027777777777777776,0.024793388429752067,0.06329113924050633
0ee7cc44beaaaf597c0f5527f00662edc8ad6b0cc561e08725c0b0b7a5f470d4,0.0005,-0.08333333333333333,-0.021445757924469087,0.0,0.08333333333333333,0.01652892561983471,0.0379746835443038
fc74416b6d2e94ad0bd9ba32e6bdd399df2e9fdc69be0571dc6581f6a4df316a,0.002,-0.11805555555555555,-0.06433727377340726,0.0625,0.18055555555555555,0.049586776859504134,0.11392405063291139
fb964d1a20a5612b66dd1d4c39c6fb746f02ae338f0f5d7f19f78989825824d4,0.002,-0.10590277777777779,-0.002092269065801858,0.046875,0.1527777777777778,0.09917355371900827,0.10126582278481013
585f855bca4f2213c08d3732aec1af4117ae86a0883055ae9f6f3b8099486dde,0.002,-0.046875,-0.04006695261010565,0.078125,0.125,0.09917355371900827,0.13924050632911392
153f2bf38875b3990df62227f9db834975788695967c47c21f73162e3c42c93b,0.00025,-0.033854166666666664,-0.012658227848101266,0.0078125,0.041666666666666664,0.0,0.012658227848101266
4fd2e04c73e840e858b524ab78e76eced2376ebf4a8c49e90c6adc686a5b15b2,0.00025,-0.018229166666666664,-0.029710220734386443,0.0234375,0.041666666666666664,0.008264462809917356,0.0379746835443038
b5cf8b715cc315db347886a068d68e200aec134d9c1b3f16735a4ddb6e054c16,0.002,-0.12760416666666666,-0.0274087247620044,0.0390625,0.16666666666666666,0.09917355371900827,0.12658227848101267
974847301356efb9a3ebc5a376507ea020f2aa2b7a8db231927848b0f6c7fa65,0.002,-0.0546875,0.014436656554032853,0.0703125,0.125,0.11570247933884298,0.10126582278481013
23c023a82fb1ca10182ba484f34e45a6ed3d98ef2a5ac834ca4d4bb0059790ec,0.002,-0.13975694444444445,-0.002092269065801858,0.0546875,0.19444444444444445,0.09917355371900827,0.10126582278481013
ef415c0cb7165a22e61dc5688d90b5786dae9a8e287e3edd8446531c8644e1d2,0.0005,-0.026041666666666664,-0.00878753007636782,0.015625,0.041666666666666664,0.01652892561983471,0.02531645569620253
24917d13f4d070c908e8677e4d392dbd93b447787bfff06bf2b77e514fdc23ba,0.0005,-0.05381944444444445,0.028664086201485514,0.015625,0.06944444444444445,0.04132231404958678,0.012658227848101266
fec0c2f1ceb204113811f5353e72020d6a85f7af67ea6e346f239141ba83f860,0.00025,0.009548611111111112,-0.012658227848101266,0.0234375,0.013888888888888888,0.0,0.012658227848101266
963df4a0feb7a443463036621314723cc0874528d80389f64e2dfd794e72fa65,0.001,-0.04427083333333333,-0.038497750810754267,0.0390625,0.08333333333333333,0.024793388429752067,0.06329113924050633
6067b33d9b92ff162e656ef4a87af771c9399cfc17966906386ceea05c3f7ce9,0.001,-0.058159722222222224,-0.0638142065069568,0.0390625,0.09722222222222222,0.024793388429752067,0.08860759493670886
526db03663e3f68905e8ed37f0760b4ef31347fa4159ce8515af8811d6253ad1,0.001,0.0069444444444444475,-0.005962966837535305,0.0625,0.05555555555555555,0.08264462809917356,0.08860759493670886
67788a7068cefd0d685b9a80119a89ec96f76b4649e4316a7fd34ca5fa2eabd0,0.00025,-0.018229166666666664,0.012135160581650801,0.0234375,0.041666666666666664,0.024793388429752067,0.012658227848101266
48005fbe12caa7dc2c0154c30fcbd2e88a5aaa3d86c1bdd15ad7686ad43752b9,0.001,-0.03645833333333333,-0.03462705303902082,0.046875,0.08333333333333333,0.04132231404958678,0.0759493670886076
