qid,phase,subtask,answer,image_sha256
train:1005_1,SEARCH,Egocentric,C,53ea3368641889366dcaa1318e42be82b16ccc6b08cbfc2f7bb98ce8ee3a4d2a
train:1007_2,SEARCH,Egocentric,C,9b69b261d7aa99cdf2db10c91f13530a6620b94b69f6a1cb02bca5ad4c41b2ea
train:1008_2,SEARCH,Egocentric,A,97fb0fcedb5f6d45b16a39a844da2e39fe7197339002125ede36fd66cd88644c
train:1013_1,SEARCH,Egocentric,C,31f34cef341ba5713a6f7ac4aa1ac7d22d965a78c9826ee6f295f8f7cb0b0fa9
train:1028_0,SEARCH,Allocentric,D,429177cfb81dcb78f22fa1937b826a0a4f4a0aab338a2c11e71c9c78011bfe95
train:1033_2,SEARCH,Egocentric,B,13db6bf76fa907d619152648f16609d3de38ac0f7514fcb40ecd85460dc61815
train:1037_2,SEARCH,Egocentric,D,4f779c891aea3b759f1c5a6f1378ac0603077c55f2a92733eee78f1ad0b78151
train:1042_1,SEARCH,Egocentric,A,eb4549f607caa28dc690a60d35726bc932324f3919299bc4809b5f0be84d6ea2
train:1044_1,SEARCH,Egocentric,B,704e5bc914a6fc3c99a77cd894e02b4dcbfab78199a9621623cd7de46e1b925c
train:1047_1,SEARCH,Egocentric,A,d73f248e551e32e9927c1834be5687e4eeb3f51abe1f3f767a5e2d9aa2df07bb
train:1049_1,SEARCH,Egocentric,B,962e69cb78d93769c64dbbd9174b437824c0ffe84776c250b75d03091e768303
train:1065_0,SEARCH,Allocentric,B,da251f9fde3ad1bfa7987651f7722af07aa577848774ca545c334fc4af49fb8b
train:1077_0,SEARCH,Allocentric,B,20d5bc2ffd3db2d2112b9951b1a7c2a61e59a15fee66f29d90fa4e0133cd967f
train:1079_0,SEARCH,Allocentric,C,f333fa78d2ac72ccede754d0e3de55927dd0f545d3bf28897e80f64155e1a3f1
train:1087_2,SEARCH,Egocentric,D,a805ce47cbe5677ec898c9da55942daa94f1a13ac9182584221910ecebe962a8
train:1092_1,SEARCH,Egocentric,B,70777fd7d281f1610567eb3e35b278ce31f6b5fbb881c87eb06132494ef4a604
train:1094_2,SEARCH,Egocentric,A,42999058439ec6276ca23590b1ba1ed2f36db539d488a98efe97247a67bf197c
train:1109_1,SEARCH,Egocentric,D,b5f0ba31eb4630626a9227085f4016caae17472832096513cc9b73e40b6d03cf
train:1114_1,SEARCH,Egocentric,A,736e2da9c570a43a502fb2a46799a98069be3a393351cef8c233bd06c4b4e99a
train:1117_0,SEARCH,Allocentric,A,aa178b012af0bcdc06ff7abdc1c47fb65950fe23eabc7794cd0e6dd9711dffb0
train:1121_1,SEARCH,Egocentric,B,4f04856c69a88265e4428d27c43eb5754efa64fcfc1c0d3a173fc23e26c6c9d2
train:1125_1,SEARCH,Egocentric,A,1c7c1f2206959e4bfece2beef7cb65742b043eeb885d100b05530792255e9ac7
train:1127_2,SEARCH,Egocentric,B,7974e0ac65b1efbab690e355f4d0e8c83c102abc688d7627aafc872112bf8532
train:1145_0,SEARCH,Allocentric,C,d45aa89f4a52a767d8a08c96521c639952e99b2a1a82af235b486148658e793b
train:1147_2,SEARCH,Egocentric,D,8f67b6e8ef72aa63c49d5730620f2ac79972de89ee164986012d3c8c68210a91
train:115_0,SEARCH,Hypothetical,C,efc8eb3df3bd4cbfd55db1bb222ad99cb2905263c5c769e08e973f4f40ea0fde
train:1163_0,SEARCH,Allocentric,A,7a8ea23aea5e3513715f8926609561c85f6acb237ebb93ae2baaa1af36a9b7eb
train:1165_1,SEARCH,Egocentric,B,7dccbc1e37705092eed6c7ea4f0e58f945abd2a561eca716646fac066357553e
train:1166_0,SEARCH,Allocentric,B,0ce23bd22c3d74c03fa602be596450c0856d6eb661c582ed72fda6ec12156d7c
train:1170_1,SEARCH,Egocentric,A,d04db9c4aa86fb0538d32b10b9dbb65f39698024ecc0f6e812d8798564b64387
train:1182_1,SEARCH,Egocentric,A,349fb4b13cbb1186236280ff62c4d13ac1d48b1f2a0e160f5f8bb130adae3512
train:1190_0,SEARCH,Allocentric,B,f4897fe0c7375c0b6ed67a33d5ceddaf22e53d43e14c2fc625b9079d861aaa5a
train:1194_1,SEARCH,Egocentric,C,3f782e291e61cc713ebc613cd4e845487eb5f62be218d20d0ce7a749abd724ae
train:1197_1,SEARCH,Egocentric,D,190bd9531816ef0dc66dccf0a97d5cec749fa140af11003f547798bbb92e2be2
train:1201_1,SEARCH,Egocentric,A,deb750841ef98c4847b0a9330210cf4e609a0aed76edd0affa5f3df6b7946788
train:1202_1,SEARCH,Egocentric,D,c8d72967ee3cb2c90e6edf34e725a557ea34052b5bda895a900f0e90e2eae7cb
train:1212_1,SEARCH,Egocentric,C,ff11a6d1cbee7165461ad8ccb535d687413400d09a818e209820be7a3b415f7a
train:1215_1,SEARCH,Egocentric,A,b5a32af5735f1a2b7438e61eb5f1033edd4011a51ae35c47ae13b2397bb3d710
train:1216_0,SEARCH,Allocentric,B,d131853974ba89fcfa9e2ef004c380dfd8311392a376d6597ff63cc2858e1daa
train:1222_1,SEARCH,Egocentric,A,e0f949fea3aaf710d8ba3d7bc28a4e3bed535a251c6bc0d2c21cdaa83758a566
train:1234_1,SEARCH,Egocentric,D,3626167b77e68fe23caab0b6e7e31a6fcd018cbfa71edb09834a0c5b48a9b3d8
train:1235_0,SEARCH,Allocentric,A,1dbea71558175a8777f4e34efd5ecf898df5139183806cad4fbe1f5a2c027723
train:1236_2,SEARCH,Egocentric,A,be73528470a3e1125be24609c80901d5d51365dc6bf3f10be75651220d7fb08c
train:123_0,SEARCH,Hypothetical,A,04d7323053a172170d3fde2a5d8ee8b504b206622f852509b8e3125f2f097276
train:1240_0,SEARCH,Allocentric,C,d7ce4dcc5914de6cb02216952305da1cf7a1516a9480ab98e70aa7f514c5af33
train:1272_0,SEARCH,Egocentric,B,0c4b1f8535bce0e32a8ce6f770ae756b5899c3bd4f2a3a22e3132881b94c224a
train:1276_0,SEARCH,Egocentric,C,339acb269a750517f7bdf2e1e70fc0f0128db4d9219fa2ad78e0b89dea7917a2
train:1283_0,SEARCH,Egocentric,B,53108c8076370a25701eaf7bb47292f0d8101f37ef797bef08ccfe1014dcad40
train:1286_0,SEARCH,Egocentric,C,8e4cc328c137153be37c863d12e6dd6f8bf0ea9bbb516ec3e955fffd5f7cb384
train:1299_0,SEARCH,Egocentric,A,03dd057253a60f1690e61c22ffb627fdd9e1cee6fab47d67461640a920ff30c4
train:131_0,SEARCH,Hypothetical,D,fe1cecba958c8e8fde1ccfdb3061850b39f78feb7ef9b19e1b54416d4683e55c
train:135_0,SEARCH,Hypothetical,C,68c9592b29a7253850cb0f3ebba5aabb4d1a1abca9332c958186a1b552259f69
train:137_0,SEARCH,Hypothetical,A,ef201c0b317ddefddcb6ce27437fe6f90a483df94de5b1da8cc028e057b55509
train:167_0,SEARCH,Hypothetical,C,8de9ebe32904bb9c5f4dbc7c4a8bb59b41de62e80cd9c95fd2c88bf43868d3cf
train:187_0,SEARCH,Hypothetical,C,ad7d8a34400978959c992452022348c7de1e885e699e992f68750a6047f3e18a
train:202_0,SEARCH,Hypothetical,D,d94eb2fa00e714a0e854d9eec4300dacd004aac2deb9e4824d9f554bdc69fe46
train:208_0,SEARCH,Hypothetical,B,2a77ac05a96ff90cefb4a80d3ab7fc440bff090415ca6194c883d35c9588b001
train:222_0,SEARCH,Hypothetical,D,3c2392e314c881c20204c113935d944dc83a68bc2f80b22c59dd91000e3e37f0
train:239_0,SEARCH,Hypothetical,A,f8bef8251a4c052c95b1d8108c42f667f9866d1d6a67a938a2b22f62f318caec
train:248_1,SEARCH,Egocentric,A,652534f2bbc2ea5de09d97cb43602293847f828ae1973fb2374bb8e2f8968c46
train:258_2,SEARCH,Egocentric,A,e8796e8c606c9da9120ddae2dfc9f4f5d9aa65318cb570b8783e9d4fc1e9f2d2
train:263_0,SEARCH,Allocentric,B,db4a02d37c72d8b138b5cdce071ddd73099221a7e441de20b851a4cf2488a62c
train:275_2,SEARCH,Egocentric,C,7d3de3648cb3869612f740a6e1b3aa39ed13af0f67d65abe17171839d281d29d
train:286_1,SEARCH,Egocentric,B,bb8f5d9d39b034ae94785a34b0101a8d5d80aff760eda1cac59d06dcd8438f64
train:288_0,SEARCH,Allocentric,A,f96867dbbd4751732d1c2ec1d8bf31d378ab3dd29878171517bac8bd107a76f1
train:291_0,SEARCH,Allocentric,D,4f8a926c95c16d36e0b411bd3677d28c7e65e69fe933b5388e9ea236fbd17683
train:302_0,SEARCH,Allocentric,B,5bfef6d96cb0fb733b9b7c5704109f4b0e5b0234169ef4853e4b06af65413354
train:303_1,SEARCH,Egocentric,D,f0806f1776e4a6d33aa76c8607cb190e9b9def390d39a6bac576edf659f0b5be
train:304_0,SEARCH,Allocentric,D,b6d0ba21ebf3ade407cef7791dd6385051a8ebfc40bcf9147876739f82d27136
train:309_0,SEARCH,Allocentric,A,cd666bba1918de1798d183390724421bbbd69e3aca5f0a2a83e8c6f5194fef70
train:315_1,SEARCH,Egocentric,B,2e8586781053bc93ddae0ce91197d22be46b1543cd0582c24c101b638aec0897
train:316_0,SEARCH,Allocentric,D,96ccf2ed8b73419c21de237d3284a45bff4d123f8799dcc2e33a7028376a34cb
train:323_2,SEARCH,Egocentric,D,5aea1c2864ffc40ff75bf2c43d80f1bbe513c0c7f87af3a132e6e5fa760b9d5e
train:325_1,SEARCH,Egocentric,D,76a6219dfd76e7b101f22fa6db8c8347622c30d32e920b50b1cb6793791264bc
train:331_2,SEARCH,Egocentric,B,0d3bca63281b494d260f8917bfea094a993faae25b144e6713fc58dae6b837c5
train:340_1,SEARCH,Egocentric,B,e9cd843c05e903e1caa0369aaa97e75feb1cb659ad7abfa47ce95a161116010f
train:346_0,SEARCH,Allocentric,B,4a6fcbf75e39f6467503df863955a503903611eef843a7324b9d1a747923f806
train:353_1,SEARCH,Egocentric,A,a4ac30107c8980540553bf6461c6f9393fdf7f64288bc7e4e8401cfcf4a3bd28
train:360_0,SEARCH,Allocentric,A,8f6a5ffec05b7e5bb0cd9053858975450b7a0a4ee420215229ccd11b1cc0620a
train:366_1,SEARCH,Egocentric,C,50ceb1c77ace73271b485907d710eae32fd05b20115168180ef84419ef8ec931
train:369_0,SEARCH,Allocentric,C,bf612fda4ce34a3786c7fbc95c9c93cbd39b8961a96f5a7e3c154e51bc3bb117
train:376_1,SEARCH,Egocentric,C,f9132cd39b995e5f0a52d4386bcec7228fde8e90e3e8acc997776c1807ce16cb
train:387_1,SEARCH,Egocentric,B,21925e6d242b6685330d75aa30ba1238e779ef1b970cf4ec702a28914f8b0eb2
train:391_1,SEARCH,Egocentric,D,9bc3bb9af18e6d77edbb124ab6e0501ce3efeec0efcfd7b11b1f2b6ece776626
train:3_0,SEARCH,Hypothetical,B,6577ad65ebb4dbbf5eaf5dea2b3e3ee652fad6d594e935e39f53d2488792513d
train:402_0,SEARCH,Allocentric,B,ff313f27dbbce7ebfd2c16b897202ae94eee1888634de70c984e027b8f43c4dd
train:403_0,SEARCH,Allocentric,A,af2fcd8a2905fb34bf62dea0149236eb3ce11f806c44c0aa954e37af6dd44dde
train:407_1,SEARCH,Egocentric,C,fd70a4a9949a4b9364e01a6188ace5c78dbb76d26a843400381781f0389f8abe
train:415_0,SEARCH,Allocentric,D,739a536937ee3c4c82510d5739f0491a81ea11cdeeb609a8db1461f0d50d4207
train:419_0,SEARCH,Allocentric,D,1fd00b85b8de21bf6d92b2f66ea172f661c1ccadddaf9e3ddb68f711dbb5b51f
train:438_0,SEARCH,Allocentric,A,c722a2270f6ebf64b8daa90bde47043281720a05dfaeafcc758a8da51c01323c
train:439_2,SEARCH,Egocentric,B,3121754636422ba9ff386cd1c9bfbbe7fbd97404a634037eb8874366eeab2f18
train:446_2,SEARCH,Egocentric,A,3b0b5d680c051e2e4a05763a8b508f0283debe15a293002f94392e9aa92120a7
train:450_2,SEARCH,Egocentric,C,013d70cd3c2ac075f64fddaba4f8f7305e999709948b326234d9887b8f04ac87
train:455_2,SEARCH,Egocentric,C,2cb62ff1be69513fa514660c66fc460b354d41ade0f02cbe553d0b831694a9b0
train:468_0,SEARCH,Allocentric,C,1617307acb8d36807d91c874762dfeb27d4b77e5acc24bf9b3aacd985f0fde47
train:473_0,SEARCH,Allocentric,D,1aacdfed4d2cf61ef772d00e337bc4feb3fd51c9ad9ac380e7b608f91ef0b959
train:474_1,SEARCH,Egocentric,D,589b52cac84974ccf3203efa52d0b370698c83b465be7c09f69520475187a381
train:475_1,SEARCH,Egocentric,B,7214c0a24ca91b3de140b34cc556283a9049bc9e0c420aa458412a1152a72281
train:480_1,SEARCH,Egocentric,D,bdea4c8007cda378c8f4c8a74778830986cbd636e60302b201f421a05a1086d4
train:485_1,SEARCH,Egocentric,A,e322a231f9ee22c8f41e570430d3bccedf6fd5c715eedfb2955688ff9f814c8f
train:489_0,SEARCH,Allocentric,C,411a8f1486f348535f95a34b602f5858ea969c42a1feb372ddb594ee93e7795c
train:492_1,SEARCH,Egocentric,C,a6bea48ca1d60470d559ebdd655c16c01e6492edc652e80d2e21d07e3da04460
train:498_2,SEARCH,Egocentric,B,60d7f9ae89d436fd92253a7fbcb56d1b7e2f9b5fba59b2a1f69a1cd266ce2c7c
train:512_1,SEARCH,Egocentric,B,1728c99e71e9ac031deeb13d73da266d7a98bbfdf41a72f8bdc04b100391973f
train:517_2,SEARCH,Egocentric,B,bd770cca44b46a80022fbe01f2bfaff4cec21925f059e941287b223c2ee8e05a
train:522_1,SEARCH,Egocentric,C,fd130e102944ae29ff422ce223a59a9419266950c3738dbe2d4b0d7ff00fe1d6
train:528_1,SEARCH,Egocentric,D,286674ffe7d5ef600c9ec85efdaa5c1686063b769ab407c5a16465b16bd7a28d
train:551_0,SEARCH,Allocentric,B,4a461955708b0f84a82debd7171f76ad4e2bc9e25a9c3eb9cd89a9989c8deab0
train:569_2,SEARCH,Egocentric,B,f60816a87af2e093be196d916f5907c42b852ccf0a462434affa486e6ad02468
train:56_0,SEARCH,Hypothetical,D,9669169ef630d783835733aee88ac378d24d840ab113fc04082d20b2d74c7d54
train:571_0,SEARCH,Allocentric,A,3e24fc847222cc47c2b219c696f2cbb0e856063b27f11b35a8e291d17892a636
train:574_1,SEARCH,Egocentric,D,a2dc673938e023347c3c44aecf807725c50a271d6d455bb509144156061d76a4
train:576_0,SEARCH,Allocentric,B,3b581d3df99fdcc4e607fa26339afae61ea97653b291acd59992773c025481b4
train:590_2,SEARCH,Egocentric,C,cdc51e66561c8b915cdc2b336f314950e364e0736846b94d591a12538d51ca30
train:591_1,SEARCH,Egocentric,C,fbf6e12bd94f1f706676aa7b50521ed8d26007d133fad0c5479cc46845514d89
train:595_0,SEARCH,Allocentric,B,47fcf5038f4563311faacf38b88a783699e8cf2619c9ab0fd16c475c0af5a5c4
train:598_1,SEARCH,Egocentric,A,ba7723b7788b39cc352c948c653b5ea3b786d5642a07f1119fe360ed344eea11
train:603_0,SEARCH,Allocentric,C,abefe23bb89dd4d83d90387d95ba35e09b403863ced24cef029a65ad59a59af3
train:619_0,SEARCH,Allocentric,C,526f9a40b15308588abbc77f55447c22ab87157bf6334fb95303f4e2fff5ad15
train:620_1,SEARCH,Egocentric,B,2c0e4c362aab7f472bbea3ca341ef0365a83da7a01e5b406c5ab507557457e77
train:622_1,SEARCH,Egocentric,C,9bbc4f36835ad50cde773eeeb6f612420d3f81f13dab73c2d02fd784e142c14a
train:630_0,SEARCH,Allocentric,D,f339fb5c2382111519b3b929e9c5cd19853f9f62f6e4d816bcc20a151c3376b5
train:636_2,SEARCH,Egocentric,D,7360ff72da7412c690c62d7d45aa7b96e7b303bdc54da6a7db83ab7b5b64b09f
train:640_1,SEARCH,Egocentric,A,f3d052ad7a40f78fd11106340d1b2507b19a855f35190c467a85eae3299a4644
train:645_0,SEARCH,Allocentric,D,66f9a049f07b4f9e79850ff3968d53722eaf3cb22090cab5344a0ee28fc08fef
train:647_0,SEARCH,Allocentric,A,80abc622b46504c8bc11bea6d60236b1bc738e1c7f8e190bfe6cb6779e818283
train:651_1,SEARCH,Egocentric,D,7682c4ee8ff865161bca61e2f154703944ccb090db3b6fbe3a965a06e899e734
train:655_2,SEARCH,Egocentric,C,0b5d36db10a2352c7a940f9bbd251b56d63502471bb67986b4eb2429683dbb99
train:667_2,SEARCH,Egocentric,A,ad7f0f93674c4585f7cf445adb28df9fda05b8cb68538cc3ffeaea34d29c60c7
train:672_2,SEARCH,Egocentric,B,03453ef5e866fcd46b2cfa47678062f539694e57211ba25ab997a432ec42fd65
train:673_2,SEARCH,Egocentric,A,47a179d11deadfddc34308423621205479a10316a740b4104c48d2e46a057378
train:681_0,SEARCH,Allocentric,D,541929a3507923f58e6f2b53205726ebefa708e0373c4f228b35fe1eb6502e4f
train:684_0,SEARCH,Allocentric,A,e19f93bd72363589682c45559ab35626811d6a5195ca87599a2d34b2bd5a5773
train:689_1,SEARCH,Egocentric,A,a38ce7cec939e102580a936fef8619d78978925cb7b1789d92808acdb33f4733
train:690_1,SEARCH,Egocentric,B,f1140536e77813ee2c2a9ecff1af02ff25515a124140b67ea6bcb28f7702f988
train:691_1,SEARCH,Egocentric,C,18d213cb06ede55abce38d4a9314074d7aba71f36ed7e7e18b281148ac35c5e2
train:702_2,SEARCH,Egocentric,C,282e6d85acf2032407472cb495af571779937778fe3ca0ebcef9a35317fa5f0a
train:703_1,SEARCH,Egocentric,B,0df2286d6a8a4c600118627545b322a56807f430b423db6d6adb6cb261bfceeb
train:705_2,SEARCH,Egocentric,B,c33f6a826e8f9436c31a8cfd79fde2479c309576f926d051da76a41401427b58
train:713_1,SEARCH,Egocentric,D,47f1e237b752bc7260996e87feca2e7a1ae5d68046b2179e9a1fbf4e0da8aef8
train:723_2,SEARCH,Egocentric,B,c9c8bf7beb5aa9715ace2a14f469733d445be605f1eb157209cdc5632d025408
train:724_0,SEARCH,Allocentric,D,a7e4d2b2979664f6500636d8bccf119de626085060b049fd8ede1265f8198977
train:726_0,SEARCH,Allocentric,C,0924a97dfd2e1e4eb289fb45cb7df83cbbffd8f0747175ad839a9e8e9683f1a8
train:730_2,SEARCH,Egocentric,C,77231c57c806fae88f0cd4c403e9348001e8bd986fda087e3d2f84cbc76718b7
train:740_1,SEARCH,Egocentric,D,5611251fae8832914afd0ae6768eea13009fd48aa593fa5dbe069f4cdf519e2e
train:751_0,SEARCH,Allocentric,B,5660d00a10b0eb871f8ebb749e27fdd7cd671284147a777a9b6e566c50e838ba
train:756_2,SEARCH,Egocentric,B,1d191a1eacaeb40fd4d8f09f657ed407bba0fa28e10c87995b0443e91c57c50a
train:762_0,SEARCH,Allocentric,D,517b43319edf0ab4b59d79278d7abcd1a82892455b074263ab0e8ce5ac9d2ffc
train:76_0,SEARCH,Hypothetical,B,cc8bfc306d34e73d2d1a4d98291fb5971f07c8e0e4dd43e5af6fea17aa3452c2
train:775_0,SEARCH,Allocentric,D,65cec9b6531ebb4f6d67ff54aba36c0eda8519600b29a57ee4967c3485c3bc70
train:777_1,SEARCH,Egocentric,C,4106e7baa2a3aface0221ce73dcbd5e85bb6a831393a89de0242e540e864b359
train:779_1,SEARCH,Egocentric,B,6373b03fcc494ad2e6953f1bcbc798963df04c792bcf1897e7323730f3a7e6e3
train:782_0,SEARCH,Allocentric,C,99afd75d6efd64a69ea7392c6ab41eb3b330019e754adbb13b123db3483a30b1
train:788_1,SEARCH,Egocentric,C,c92824ffb391e67c098525971fdb2233806ab5458532ccd775a32a01d8436cca
train:792_0,SEARCH,Allocentric,D,f619ca94313dc30c15eae4fe3f6fab80127017d8fa3834f916d86b7e3949f2aa
train:793_2,SEARCH,Egocentric,B,edab27745a95cd3fa5dd5066a1087dda03e4cb284b482fa6a354fde59ada8c6b
train:79_0,SEARCH,Hypothetical,C,1821a1051c27606e98399210deffd624c50686c2867bd42ca569911db210ac2c
train:810_0,SEARCH,Allocentric,C,478a6830dfbc4ecf933dde2764eb39ad7bd1b90d479881e9451e47a6c3d39f6f
train:822_0,SEARCH,Allocentric,A,4c73b8a24db94fd2a645de0d3cb2b75c65863568342b75144a649bc5a3336f4a
train:827_0,SEARCH,Allocentric,A,d97cd8dea6030a26229cb60faad6829dcd2f431452ca0115e87c23739f4be6ca
train:828_2,SEARCH,Egocentric,B,a061bd026c7d246ff397706b6e2de3512739e3a064009751b38f756766c68c6b
train:832_2,SEARCH,Egocentric,D,e01019912bf4763d01dcf09d5c88ef9357ad7b7d9f002d8b40522543438c3b17
train:848_2,SEARCH,Egocentric,B,26ca036086518158f80c30bbfd767f5d2f511a5bd5cc950504a77128ea881562
train:850_0,SEARCH,Allocentric,A,2595b583f379cf27ecd82ec96760de5d8eabed85333735f42dcbc1a80ff70e0d
train:855_2,SEARCH,Egocentric,D,4621020896ac025512c1942ea95b531297733c997f705499f894829958220ae3
train:861_2,SEARCH,Egocentric,B,00fabbb08ce981692a901dde7020816ff9ee81ede9ef733781d6a580088647d4
train:863_1,SEARCH,Egocentric,A,d0e5ba7b34690cca79f08e2f86d4224cb947f335dd26a1526a5173fbf35cbeee
train:870_0,SEARCH,Allocentric,B,b433956d461c400c13f6581f5b8668599ec2300f3a0f8421f2430e993af1593e
train:872_2,SEARCH,Egocentric,C,0146334fdb1e2083f8597b968dedd80d188c1c070f4197478caa54ebc2fd20d5
train:874_1,SEARCH,Egocentric,B,99a6cf9bdcb2e8728aa90a453ae5f485531640850c20aec1bea6ce3c644e3163
train:880_0,SEARCH,Allocentric,B,02a2feaa08f132aec1d35fb5bfb1f228d237e3b94c2a18d369a2dcc918771f07
train:882_1,SEARCH,Egocentric,D,3ab0ff0b122fb240478a06115cc2e14f1b3c6b2dbba62f81922cf5d5e795ab05
train:883_0,SEARCH,Allocentric,D,6381cf1d007789524da9263b85644e07572c922155740062eef05e82a13d9b2e
train:884_2,SEARCH,Egocentric,A,13f81f9ab8e81714b1642d24466565aa781e2f44c38fcafe53d1e2ed567c63d8
train:889_1,SEARCH,Egocentric,A,92e1ccdc3e29a3d0772bd84e2fc5453310a90644958203369963002bff26b397
train:904_0,SEARCH,Allocentric,C,c42df6aab718a1f6f31ee77d7a6e6d05533915351657f8bb1593c9cb146eae14
train:906_0,SEARCH,Allocentric,B,030afd035d3557fc3923f922cb763e3d75aa216f6c776608417f7228bdb07913
train:912_2,SEARCH,Egocentric,D,1e879b4307cb6f0fc227ce38eeadc20b3a0e4e724bdb7c042a37c8aed28a5d6b
train:913_0,SEARCH,Allocentric,C,6f719f01968313117b58cc4dbc5265727f34175fb7a1509cc9534f29ded95b54
train:916_0,SEARCH,Allocentric,A,8b4a5ca06d3c3116ad863c1c0688bb1114a985f052baa54226c6ed6522bd9d1a
train:918_1,SEARCH,Egocentric,A,e62ce1e12689ebcd8c66927bb1b9f64b760294a4c3c1c7e5fe7ee58eaa38ff99
train:922_0,SEARCH,Allocentric,D,4e383274fcd116a034f8d1d27456b9c3420dda0f7b15d7848488b7f50766eedb
train:924_1,SEARCH,Egocentric,B,4956b03455809a33b24821e070e0549d898812186fdace85f5228b7ccceebc12
train:928_1,SEARCH,Egocentric,A,a5a51274d09391fbc7c718b07f3dab288bdcc2a2e399ffa91c776dbf53897a6f
train:932_0,SEARCH,Allocentric,C,780b7b6bf1e97922fb2942fccb9c1fbff9c834437ad70b044261c04075eed0d0
train:93_0,SEARCH,Hypothetical,A,e2f510627b317977beba03a064e7c37111b44a8b1fb4c219d934abb2a8c0dec3
train:942_2,SEARCH,Egocentric,C,6d026b02554c3ef7c299450bf4fbde870110ca337b0d4bb8f5c8b8e097b1351d
train:953_1,SEARCH,Egocentric,B,11fb4860d5bc335ce4090ce2df82b094e5bba4e487d33b0db0240f47307b5859
train:954_0,SEARCH,Allocentric,A,533ee27c2a8c4783db25b4f27a8529f5d0b7f825143d4e08ecdd67b6933446bc
train:955_0,SEARCH,Allocentric,B,7978f4a1f4b4a495b36bb13c3677a9a9951d2e2b161fa7400bee9b84edabe6af
train:962_0,SEARCH,Allocentric,C,c20efeb6112f7005e856b736a086ead18c43a29d2982ef7f4be2eda55ce2fe38
train:965_2,SEARCH,Egocentric,A,93b744e054d738dca7c892211952785c514ea4a99d82d8e330c044133aad8a71
train:966_2,SEARCH,Egocentric,D,0e3e1c4b20d6708328f58bf45a6f08811b9e94ed50fa436b276585a102466651
train:970_1,SEARCH,Egocentric,D,437a390d1767f4fef57d84951e95c38dd35a6e690d3a482ba4121d760b70ae4f
train:971_2,SEARCH,Egocentric,D,bbfe54740c3fb9d0bea6384b4bf4cd2d610d15666ed479f1049bd8807e12abe8
train:974_1,SEARCH,Egocentric,A,9419b03a2345137c9925e4ab4ccbda1eccb881f0f574e8b3af40ca553b9650b6
train:984_1,SEARCH,Egocentric,B,f9a7537e56c6a828893f307cd822cf4d0f84b50013c3561c819dede3a221781a
train:992_1,SEARCH,Egocentric,D,11687afb71a4e6dbc6a5087377158247e59115073267e1a3fd319d78e4e39337
train:993_0,SEARCH,Allocentric,A,99336214a8223cdbbf16b49c43ca02bf29638f4b4f1cbdf3e3da716dd42d697b
train:1002_1,RERANK,Egocentric,B,f6a5bcae49944c853bdff60abf1e7a557047185e6abc35b435149af1ef0fc550
train:1011_0,RERANK,Allocentric,B,abd1d57f52d400e0162edf0763ffc96a96ed7251cabfbc457638930c785d1f1c
train:1015_1,RERANK,Egocentric,D,148ddfd8c0eea4776307c3ba9600d69b2c2e94585245175dd451944ffefd4c83
train:1020_2,RERANK,Egocentric,A,95d8d59920dca265c675607560712aa91eab5bad66fc79ff8aabccc1da68999e
train:1024_0,RERANK,Allocentric,C,c18bb908a001b6fd9ee7548d0eb31b3aad56c3592b626102b86dd40443905b96
train:1027_0,RERANK,Allocentric,D,530722a206bae0b55262ae07c71556c17fc72720a0f6a63623f3d8de8c9c7abb
train:1029_2,RERANK,Egocentric,A,978a532de664759d5afcaff48f77c766b546310e6962ae4f214ffcd4d3587fdc
train:1036_1,RERANK,Egocentric,C,61758adaf0bedd7580bb6ed7f5508ca2b1c6ab9598f9f277174190c8d1610944
train:1038_1,RERANK,Egocentric,B,bff8323ac85151d165a7ee020902b0cda1e11ccf0c97427502e3308d1e3cbee2
train:1039_1,RERANK,Egocentric,A,5f6b6361ab484015845d218a60f108d520a985cec5ad5f9c9ba3be10d4f5a3e0
train:1046_0,RERANK,Allocentric,B,bbd1b905a004b0ee5ec467c3472d0fe48ec8a694f36dab30215e5b1051de91eb
train:104_0,RERANK,Hypothetical,A,dae7168348ed80256247304ce57e85c6475991888631c1e927d5ac9a2e80a7e8
train:1051_2,RERANK,Egocentric,D,a022e964a429224ed173ad39b0b5f9f5492ea3374dfbfacbd2ab81943ce79f4e
train:1055_2,RERANK,Egocentric,D,ddf57aa883ff161402cd1fca0d2e7cc088914e1708549284543bb16b86a1bef6
train:1057_0,RERANK,Allocentric,A,5c56d3b8a41b1642e0d9a59354a7d50d6aac65c0d6e50e12386bee778db2d17a
train:1059_1,RERANK,Egocentric,D,9bbb3245ae7f223435cea65fc59f37e1dcc64ace80df96231f35616a8bcff787
train:105_0,RERANK,Hypothetical,C,bb7d5d421d63c5d63e6b01c5bb39e39aaec7bd5f54fbe13ce1f289fb36d17f12
train:1068_1,RERANK,Egocentric,A,0ef70ccef20d5aa1c1ff8f0e48ad17400df6a6a0e5a07d1b27e9885ae7648bd0
train:1069_2,RERANK,Egocentric,C,e78be3e0edf41e7da9480961d4efcb2f93cbb03d9da891c25246253d7c084eef
train:106_0,RERANK,Hypothetical,A,2d8dce053fcda8f610718f7f7e769c89fe2104a36268f8931314013b0949ae65
train:1073_2,RERANK,Egocentric,A,b57418b18fb89a67875371f7162638a95bcacd8bac92b70751d64c33092e676b
train:1075_0,RERANK,Allocentric,A,52752319235cbfe75728909d5e780b7e8ab437c82a55228f92b4bedfe417b49c
train:1081_0,RERANK,Allocentric,C,9184108ba92d887697dd1c29928fbc79c1ab1cb00e0a275ffbff68c192943de9
train:1086_0,RERANK,Allocentric,D,c6b7575196ff8992ab8747e42567892e0b846d23ee60b3c773b5dfb373564591
train:1089_1,RERANK,Egocentric,A,13f90a94720bc6b0dccc845c01dbaa9a8b5ec06ba12f0bc52e1afae5ce1572e6
train:1095_2,RERANK,Egocentric,C,7f7b0504dd383a31a855b903fab6023819f9eeeef8372eb02df5fe4fdb4d6fca
train:1097_0,RERANK,Allocentric,B,06ca5d91e44422232e488032687f9d60b91865db89fc1b368f2fa5d7cd1c0c6f
train:1099_0,RERANK,Allocentric,C,5a39eed8ea95eda350f3e1fdf9ac3e496324083d43b9e0e132a07dee3395e848
train:1102_0,RERANK,Allocentric,D,986171c32ff27741b1c6812975ee6ab88865508d2c3ed6a94fe486b65e6340fd
train:1104_0,RERANK,Allocentric,B,403d321c7715770d50f62b8b68e770933f69c728ccc261b5775b0997962c658e
train:1107_0,RERANK,Allocentric,B,6621fc95d495345f491e1cda1680aa0a9c46d3f709f53ead28bea7474bb6a626
train:1113_2,RERANK,Egocentric,C,2da2e0ed82b3efba6448dcd0eabfcb0d68321ff3c1a4f2719bed81c5524d2f69
train:1115_2,RERANK,Egocentric,A,569ef72a39e1d0c80bf41ca2345a6d6461029392a49228290e8dcf2352368018
train:1120_2,RERANK,Egocentric,C,d89ed6d8460b249e3127134c48c3d3ee14e28edcd1941fbf43a981f1369acda5
train:1122_2,RERANK,Egocentric,D,a78b7b40e89a8946d81b81f52fba5f54228ae7cfc28fd860377b75615edbd8ed
train:1126_1,RERANK,Egocentric,D,1c4729ae47e6dca3c6a85652ed0d4d20eb9be6e6e8c3c9ee639dc996ad8fd163
train:1129_1,RERANK,Egocentric,D,4a98989d5b0a9903b2d7f99d19fee20f91d8d15a01d88dd659db45aaa5643c93
train:1130_1,RERANK,Egocentric,D,d045c94705116752d81e057adb20e76ee97cdccca53f0a3761149c29e0d03f0b
train:1131_2,RERANK,Egocentric,C,06abede97480c57482c6ade04cc60fc2bdef89a85abd64e404262b67b1255c52
train:113_0,RERANK,Hypothetical,B,2218a00636bd29c9cb605be9cda4e5ed2f1620cdf461344ecd5381d35d9a1314
train:1148_1,RERANK,Egocentric,B,be9f6b317f64dc640c201374fd6a90e866345babc0797bfb20f9b7134f046a34
train:1152_0,RERANK,Allocentric,D,44b9579bd54df3557919c93dfad038d456cd978a4292fcce02a93f4fdbe0da35
train:1167_0,RERANK,Allocentric,D,1b074acd3f93054d2480f94c00eaa90867aa535bb79d1d3809684144271e1190
train:1176_2,RERANK,Egocentric,B,73749996ae89a7442a5a24ac4023bb00e861d271a932569f2eecd5485f902034
train:1178_0,RERANK,Allocentric,B,f018df3853c17c16262bf15de4c508b95c1a889d1d99837928a9733e3849e241
train:1188_0,RERANK,Allocentric,D,27489e488d9856cbc2e071d6ff1bfafa059c47c71dc33370a2858504df8fd744
train:1195_0,RERANK,Allocentric,D,328c9d5c3747ec4db47543862f29ac0d84bb6bb6773c956c944bd73d8052a5d3
train:1206_0,RERANK,Allocentric,A,3cf45951ccdbd9c14d62e5672ba985395fd15c1de91cbed6723d27deebd0d7ba
train:1213_2,RERANK,Egocentric,C,e842b59f3e0d9b5375b53c5e812bc335f0f2380e45353fb03bc412a39a79fc8b
train:1228_2,RERANK,Egocentric,A,a777831cafdca303321550ca21936b76d2d15a901be63e92f471907acf1ac58e
train:1244_0,RERANK,Egocentric,B,9cbefd0abfd70e0c56df176df83c3c39748b59c133be3fff9e1eac17356b4126
train:1254_0,RERANK,Egocentric,B,5c681df7eee73cd49539f029a99293e107f416a9cb96ad9b8b1c30e7846729ea
train:1282_0,RERANK,Egocentric,B,246608ddd5779b6f4d11438d59408a29defd251ea829516bbd4b738d8ef5834f
train:1288_0,RERANK,Egocentric,C,06ed5c08f29b30e819e241cc970f87d5857bb5658ad4cda42bb5cea7fa276826
train:1291_0,RERANK,Egocentric,D,c7b62d1514daac3ff2dd886c319da60b4021e0f566f16bebf2b41cf8f5c1135e
train:1295_0,RERANK,Egocentric,B,08f260ef63bd25bf4e0a33b32cd2087dd5a92cd9c36a2649ebb71b5fd55e803f
train:134_0,RERANK,Hypothetical,D,dfc622498333f0207547135b9ac8623b22db50fe19a29ab43114f17769ee58c5
train:140_0,RERANK,Hypothetical,D,7b46e728a6e2dd072251c6f1c202614943ccd54845666357db9d6fb7e4452440
train:158_0,RERANK,Hypothetical,C,fe2b07580930f80bb1ccca0b077e9ba26f32e6e3818103b66431860ad68e1783
train:214_0,RERANK,Hypothetical,C,01c62dc8938149c495a2ef46cbc1378be9bf175bebcc7bb1b8fc4df342744395
train:223_0,RERANK,Hypothetical,C,fea1bbf6a1abca06e9524a235cb9fb7811820b695fb12c3c4610643776277869
train:237_0,RERANK,Hypothetical,B,56d11b59dfb5d28e13b51fba068bd38f52e10444ef08118752c48c78e50f4596
train:241_0,RERANK,Hypothetical,A,a9f6717332403525d21628cd210207b00549b345ba800328b0a16c904336ddf7
train:249_2,RERANK,Egocentric,C,f33567810bc1b61e8d0ef37d0b7201ebd764cfd72cff298043ff8a796c3e510a
train:252_0,RERANK,Allocentric,B,b1b8dfc839985100a6c42e61cbcf770f0a9642648f451a2499714ec1517cc30f
train:256_1,RERANK,Egocentric,B,f3bdb39a3dc4ad5b5dda13bbfefadc0333eea3e6dfdfe20997e0b659ee81b1d5
train:259_0,RERANK,Allocentric,B,57a0cb8cb97112deab181408ffadcb1d3737880701e83f065562bc2abf75eac0
train:261_1,RERANK,Egocentric,A,dbd4626cc282a7b19f327c35eed796e9108511c355ba67dd8f6c4da57ba7b13f
train:268_2,RERANK,Egocentric,B,52807d3d4453a6a5f476f4bfe40b469a64bab1054d1b6214d003e4db724f04a2
train:271_1,RERANK,Egocentric,C,a42345322587285a2a3097c43c8a7acbcc8a4876c2c9acc89065aecfe073023a
train:272_0,RERANK,Allocentric,C,e585b2c99f1e3f227a8d198e266a0a50177604a348938f9fb056e1f3c1667068
train:276_1,RERANK,Egocentric,D,800ea51f1b68fa4e8ef16606874232a59b87b44ca7aeb711f754a257eaf415d9
train:281_2,RERANK,Egocentric,A,e28edd177233dde6c5c66dace2d534e74485fc0e08369ff3a111b8529e4a3dc7
train:295_1,RERANK,Egocentric,A,f7c78711bc665976b0b3f727202f3b55087da69e3c556a39355b8ebe18ffb0fe
train:298_2,RERANK,Egocentric,C,69d14c7d96bc75c302c00a562c1864afa4173eb2423d1198c6b8cac096869490
train:301_1,RERANK,Egocentric,D,eb7e7ab127073ca989a6a2145423b8f6fb48804bda6e5088eb4e1e5c77de4e11
train:307_2,RERANK,Egocentric,A,339faf281f20f9652c8de65ae849702bfce66f69f6d98b4a5c653cb941196cd4
train:317_0,RERANK,Allocentric,D,48d539ba94954628e05082ae5e823223307e191b6add38c7e75803a3eeeb282b
train:320_2,RERANK,Egocentric,B,48d294fed803b6136364fad0a4a3f6dae762392e9f7fdd7c675f4af0376c6514
train:329_1,RERANK,Egocentric,B,ad5c3dd0dc8c58e1ed9c89d981b29bda6f3e2e1c9847f5dda2bae0e8f07f1c2e
train:32_0,RERANK,Hypothetical,C,b707162bb9af3edba79e21877fa1a66918d4c1c707f85bf7f665c3fe5e069145
train:332_2,RERANK,Egocentric,B,341280049fcdaab1f8f3223b2d746a0e780caa0b6763f4b1899b9147faa279b0
train:334_0,RERANK,Allocentric,A,28e2175d88f6a40615ceb95f3ee26b0bc5f0274113490d993a38a10d88acebfb
train:335_1,RERANK,Egocentric,B,67c47677076ded2a3498614a0305a31041dfc9e41791b0dbe184d0c7ffde49ef
train:383_2,RERANK,Egocentric,D,19ffeadfdc4484c0b2840a2c30d43fd1105650bfe0bb7b3a95e3cf483a796979
train:388_1,RERANK,Egocentric,C,5a824322558d1dab93cb98d461afd297f98d6c975118b992ba0c60e12063e3f4
train:392_0,RERANK,Allocentric,C,27a407082adb33c619604c5335f962aae71331c2eb0aea3c2abe022b9a4da2b5
train:394_1,RERANK,Egocentric,B,ab80d87a5059932a2667e2da6bdcca26cd662b1a2c774edd6574acbaf49c75fe
train:401_1,RERANK,Egocentric,A,18bc2f38393c6ba9d8872dd546e6a4a91edb8de1d83c4a58e02823688c81fa0b
train:405_1,RERANK,Egocentric,A,69e719057019fce1f822d6add1d5c29b39baca484a03026bfbabf09465fddbcc
train:406_0,RERANK,Allocentric,D,0790b3f5654f327c5118ce21ba46a11e3494652595c11d3073884178de7f2285
train:40_0,RERANK,Hypothetical,D,505b979470c99d4368a93af04e1790ace64aa1557d1dac58344ed9e9a77dafab
train:411_1,RERANK,Egocentric,C,dc74c6d0a4a20e7073218d943a66c3a6630c873ddb55eebb76787fd8be10af64
train:413_1,RERANK,Egocentric,D,d19824640f1e6a935fc721eaa155446364463d8cc3aa805e6c02b8f7527547d8
train:414_1,RERANK,Egocentric,A,85450ce5990ca2774a94437888fb1ed4a7fe6dc955769c1f672b7c929c0e7cc7
train:416_1,RERANK,Egocentric,D,9b6144e143ec97f52ad0e84620827d56ae50a148a2b9ccf8e9b48c5e83b4dce7
train:417_2,RERANK,Egocentric,D,0e6b3c6f7f4753be4e136334732ee158a04e740a810f14f532bacd32b4dfda6b
train:421_1,RERANK,Egocentric,D,13fffe118b816ad4960a500833c908d7907feafdb08ecbc0b9d71871d7531737
train:427_0,RERANK,Allocentric,A,5b441b94088e94fabb6c5f8fb364624396dbf222805a4ff3c40c363b11984990
train:429_0,RERANK,Allocentric,A,80b54465dbe7a821a860de3163eb4dac0a83803ed26f67a3a204b47d29d75176
train:430_2,RERANK,Egocentric,D,e13a7df3d377029a2178f538463c6e58ea7418acbe8ca1c4a284a1c9717bad19
train:433_1,RERANK,Egocentric,B,4c8fca17435153bb8f4e354fa4901a815f2a7aac02adeef2427aba0f36031340
train:442_0,RERANK,Allocentric,D,a94ee6fb20e45611f571074cb0f73241d4c0a78545b337fc8cbdabef7ccfb61c
train:444_0,RERANK,Allocentric,A,c20595d6b23ed09a55151f56ef5d3c2aef3971ffe7580d0455617e597942acdb
train:452_2,RERANK,Egocentric,A,61e01af74b7f6ce42c89bf56467535e94e447dd8cb4015e897f73a8b1d2ddcc7
train:460_0,RERANK,Allocentric,C,bb2505f1eb0d9b7fd997475b6b79201c1205543fa1484eb6475acb9372324c31
train:464_0,RERANK,Allocentric,A,afd436b670805624307c8a5318597fa2e0615bb4c7febb1240c5855a90e2eb04
train:466_0,RERANK,Allocentric,A,febe753c7aabd5fce482e694fe2ca03bff7437eac98ca59b63b482fa866b0648
train:471_2,RERANK,Egocentric,D,59973aa371b9f8e256ebd57191941f77de5913d154be8cfbc27211bd9faa39f7
train:472_0,RERANK,Allocentric,C,9b7e48a6bbdc135b44d4c32ecca832bf3bf7a0b19450fe643dcbbe719200bc53
train:494_1,RERANK,Egocentric,B,df8f213c1ef5deb3c8334107462cad7f986e0e48c9477829e7a27b7bc62c8d6f
train:510_2,RERANK,Egocentric,C,2de8ae3c431cc1b21870e2c061b5e4f3d8c1a3163d3813f29a834e83113846b4
train:513_1,RERANK,Egocentric,B,0bb5a60d230939375aa3d1f7568272937e02a81a9a2028eedae1efcb1a1c4ed1
train:516_2,RERANK,Egocentric,C,c02d890723946cf56ae611239d7b428e93123e4480aebd79c3f38e91b1438ee6
train:520_0,RERANK,Allocentric,C,a1cfa408907e8bece9d837fc249986cb23a875f22eced52a70e743c135c666e2
train:521_0,RERANK,Allocentric,D,dacd0f2f91690e6fb91cca0fa98ce5783f756696cada11ef88d6fc86229815f3
train:523_0,RERANK,Allocentric,C,55206c67a5b5976b664f0fe7add9767a943a0c74d68a50f38461a39c6db0440e
train:525_0,RERANK,Allocentric,C,27e32f283e73c156011e56d4c713a6aaada8eae59d23720987307d512ea2f047
train:536_0,RERANK,Allocentric,C,0ef9ccbfc7af2136cbb9c141783ee867c86af341fd421d935fa780046577687a
train:539_1,RERANK,Egocentric,C,2ced748fa5edfa0b6573281572f828917f12bd5bf9652d1f60f62c3de90ed0cf
train:541_1,RERANK,Egocentric,D,ff23458fefb3ad2484578c231f0e0e9214e9d968a2d13df061590c215d60af8e
train:543_2,RERANK,Egocentric,B,678f8b9cbdf691a7a781c0779f06a140ff73d47575c8fc72700956e819f359a3
train:558_0,RERANK,Allocentric,A,aa81cb93a42c5c145d751394416958fc866fdda834b4dda412d613c9d3a8a768
train:575_1,RERANK,Egocentric,B,5dc269aa5674a84067c5dedac3923d594bdbb0bc7fe9c98a5c4457efd25e6afb
train:580_1,RERANK,Egocentric,A,0ae1d8b9324c2a5078581d97e96250c63a95dae680e3b20b34f3478469fa8052
train:583_1,RERANK,Egocentric,C,a35ed06a61cbade052ae3b2b57b88ff3b25314348ad4599c6eb6187b60ab72da
train:589_2,RERANK,Egocentric,B,60952c1917ff716d8e8b56b6b39939becac6977c00f403f77dc86cdc0b97d0e6
train:597_2,RERANK,Egocentric,A,ac63e1522ca47182df6e622515255eaafcaf479e56862209529eb96f02f878c7
train:601_2,RERANK,Egocentric,A,ec1f21c12147a4347ce298b608c9c0d03c368209323b7650ca20ab569aba96e6
train:605_2,RERANK,Egocentric,A,9b1bd4fc6fc6a2f174bb47b20890118e0afbb65789e9dcb1c12f0ae54900798b
train:607_2,RERANK,Egocentric,C,ddb9958db7c09f0b8384d45bc8fbd78a4824e96d25eea4896f93a5ccdcb40acd
train:608_1,RERANK,Egocentric,A,2b39aa3a9dc142d01bf55e96260aaf4b097486b46cf5c1642323c9f667080423
train:610_2,RERANK,Egocentric,A,ef6551d843f269b187d81e3d4f715a69fd3e1e1971bded561fdca191e54cd3ff
train:618_1,RERANK,Egocentric,B,382ce3dc3f97e38fd146f2aebbd6da9f4c32761bd8c97717d8e826a73b7e24ed
train:628_0,RERANK,Allocentric,A,23793b16958f0ddf878e8bdf947aa65ced256097166610cc726158c5e258e65f
train:629_1,RERANK,Egocentric,B,75b3d754c9b4513e583896f10375a94bd0b93776ae6ca903a589c79d4bc27ede
train:62_0,RERANK,Hypothetical,A,0e5bd96f3fe22a612b42d934882ae6d5dba65670a69a91d5256c9d45a890ea8a
train:652_0,RERANK,Allocentric,A,24ee659a1836f6cfff631f613cddcb06b37cddd62edf7492b4274bf79ec7a999
train:656_1,RERANK,Egocentric,B,6ab7b5cf6d4cdf8b714eb11feb760e51fd84b11ffebcdb8efd298295a86dc8d6
train:664_0,RERANK,Allocentric,A,17b16ac59cb21f09be6be771991dbe1243160e2b533027c7f901845707f88c9f
train:668_1,RERANK,Egocentric,A,54049464c41fa089db091b6d664008ea6f1ba2b66e845021566ccdeb0782afcc
train:670_0,RERANK,Allocentric,B,bf8c07ed5cb04f204af0a90990e7eb5aa286e2649d18c7e5051b1a6bc0f0b154
train:677_2,RERANK,Egocentric,B,b73d498a06d14e5f118750f6922b0918c2d9dc9ce103bf1898f0c9adc7f4c070
train:678_1,RERANK,Egocentric,B,c1ccb70568a48d07a4007bd4350af50c1416ee8f760553be568ffaf970813d40
train:688_1,RERANK,Egocentric,D,51962c566f8f2d966d178483def722a44823349c2d86725d9b15cdb52658ad96
train:692_2,RERANK,Egocentric,D,7909a44811edbd5975bca493c4752cc0511b2364c827d2af2b7de725bf975ed9
train:708_0,RERANK,Allocentric,B,3345fc2fcce3c12137c1e126bacbdbbd4cd088998170e71ba8e5d6630d636c8e
train:711_1,RERANK,Egocentric,A,707036691baaa476e124a8067c6b1f30acccc9dbfb42fe2edb36e2eb4d6c4fdc
train:717_1,RERANK,Egocentric,A,db6945b11f99ef5522699f0ba2ed381ce05506df441954184bbfc58e7f3465e5
train:722_2,RERANK,Egocentric,A,60de0d7c27e5180799312626ac15a7074794b0808b21e4943828633ba138a4e7
train:727_2,RERANK,Egocentric,B,8487d6108a037b43649ea6b4f7f9838ccac755eda80dcf3dea0b87bc1c1f1706
train:728_0,RERANK,Allocentric,D,7008126434618bb5e5e0e3b69ec7a6d326f6d54c59bd41989da98615c6486885
train:744_1,RERANK,Egocentric,A,d60d0b73d64abcae3220ae5e728f63ec43158d4a921985dcfa2f16149fab97e2
train:745_2,RERANK,Egocentric,C,71a115a3943ba8724ba2cd3948099b5808c9de6d54ffdc21c4a29e73d8ce4a5f
train:747_0,RERANK,Allocentric,B,19a5701a1b14a05c565c8ea940b6e1493015562ccade382226b34edf9e950181
train:759_0,RERANK,Allocentric,D,c50681793ceb034e9ee2a2b654c5d5a3b273516731f810112e6a9fb5de5bc27a
train:769_0,RERANK,Allocentric,D,b7da040d54e2349ae4fa3fcfc7357e4507dcbf6867e2dc2d2b07252b488acd6c
train:774_0,RERANK,Allocentric,D,d5586f1fe196203f81bc540b95767fd2855bedcc4bafeceaa96f46cf56e31781
train:776_1,RERANK,Egocentric,D,8ec66d2f7dba77a97ad72801624b0153234a5a1bf5d916ab18f6523819ec178f
train:785_0,RERANK,Allocentric,B,23cb53848d85cdc092ba84060677c01a8341dd3efa851d84b276695a97803e37
train:791_1,RERANK,Egocentric,B,42a5d7b824ecfb0354d5376a21a94993fa46dcaa420a4d03e3243daa8a5da3ed
train:795_2,RERANK,Egocentric,D,1807674f36aca5251924a101e857ef99e13c8f6e1de8c08fefd426acd15eb66a
train:796_1,RERANK,Egocentric,B,accad8dbb4e03ee7ec505e71cd850a826622447f30bf79c4c14db8bf050f7aec
train:797_1,RERANK,Egocentric,D,36fb4eb102abd4bf694ca248d8bf48a4996e8bd1f3cef3d122a38cb59902ec71
train:802_2,RERANK,Egocentric,D,bd50510bab650a09d60e22054d499d9c49b9ba5837e66324a3af3ca484dfc8a8
train:812_2,RERANK,Egocentric,A,c88da186a05f443605aab997e9ae4e635c3a045997f594560c499d101bb62c65
train:821_1,RERANK,Egocentric,B,61b081625ba0d1d7512dd8f250a610cb3a897c499b39d263c6c5c55a46855b8e
train:823_2,RERANK,Egocentric,C,e729d6be19345e1ae601032dd9bc2b6be56d94e059bb033ff22d6a1fc3bc3aef
train:825_0,RERANK,Allocentric,A,8fdbb2dbd5ffe716c0950c2bdaee426d94cbb936a440dc757f71aa07967383ea
train:834_0,RERANK,Allocentric,C,184bcffe5fe647688d7caa2780c77778c399aa325f66c8e778ee338b8e201166
train:837_1,RERANK,Egocentric,C,2429f8b64e590dfce5300212a400bf330e3b74a56c5882ff338e186185e4d8e7
train:842_2,RERANK,Egocentric,C,190efa692ee78fe7bdf089d816e4e992c4b4879311f99ec54c394e1a0846dbd4
train:844_0,RERANK,Allocentric,C,4e342bf33ba7338a0875ba13c3a302df742c9fd1859631d26cbf91cf6271e73c
train:846_2,RERANK,Egocentric,C,6529b0eb609f790c3a80c2a53ecceea62326b57b3198cb76864890d5898e5025
train:852_1,RERANK,Egocentric,B,3319847d5aac14ef85bc7dad3fcab0a073534d10bf8d89ef42007eaa3d8cc77b
train:859_0,RERANK,Allocentric,B,0215d4ad221aa548d3de9c4cef00da0cfa3ace07555c2049681ad95587ad2e2e
train:860_1,RERANK,Egocentric,B,a9fdf17d890cae94f6363f22adfd3d5652b65c41d735535bc9e1be9162a62658
train:865_1,RERANK,Egocentric,B,0647a291190f14ff23e43c1129a10f499042d46d57541fdb0aba9f3c52de1c64
train:866_0,RERANK,Allocentric,B,b46b22fa837406745adb3fb88f8c99243135aa6978876d17f34cc509afae3b90
train:868_0,RERANK,Allocentric,A,38b257a978d42e8e6f95d5aa7edcb8c4cbbe0648f66371c6428700c878be9981
train:878_0,RERANK,Allocentric,D,10652a2650ab1b8d95389481ed41d2e86436bf7ec48daadcd1316c2721a6a16c
train:881_1,RERANK,Egocentric,B,f1e36bb8e25cc9fe407b55481c1e2b456d5f01bc510238bd15a935409fbd3d1c
train:891_0,RERANK,Allocentric,A,9927fdb3eaf6667f0fe651f8fa45fb715df2a438cd74e76c390921d555b2885d
train:900_2,RERANK,Egocentric,B,b7faae3794b7ad8e393455779bf395135d326a12622c92c8f3063992a4edc6b4
train:902_0,RERANK,Allocentric,A,69d26b783483ac07db9000eff553366690f81da650bd137c6aae1e35e47d5d59
train:903_2,RERANK,Egocentric,D,2259fcc56842ed18d3d362aa7b78bca1cf0d0af91eea62c935cc1e46b9995840
train:909_0,RERANK,Allocentric,B,94eaf131b6868f294a358ff367d633169eeec1f78256f452a6c9345788c190ea
train:91_0,RERANK,Hypothetical,B,96a79c7b8de5c7c1a1be61621fba7fb4f1494e9b7616091f0805c8d618f0ef85
train:937_0,RERANK,Allocentric,C,e68920139b3d260ec9038b5adb61c3be8b749eabb56d19c9e5e268d818a5baf3
train:946_1,RERANK,Egocentric,A,8dd57dffdb74adad8dc250cdff32aa56c3ef404e12db7f2ff39f780764cc4f32
train:949_0,RERANK,Allocentric,B,b589cc4af0585047b5393a3a73ef1020e6cefc0bbb1bba056c76f22a610e0f24
train:952_1,RERANK,Egocentric,A,c4ecd1c69dd8cf41a09f485f738cdebf29678d2826f416668ca4492140695239
train:956_2,RERANK,Egocentric,D,9491ad66e9f34ffe18aff4ce3aaeb3bbca4e919ee8c3d459b1a9193d7f2dbedb
train:964_0,RERANK,Allocentric,C,fbf006fce4c5495f0b8c69d2af8180f444e3bbfe37e91eb19423a3ecfce7fa57
train:969_2,RERANK,Egocentric,C,faa1a0ec085c4d40ff91d54300fd15f9ede9e83c4eff4aae38a1b7d272af6566
train:973_0,RERANK,Allocentric,B,0335936336b278444d792445db5c9323d5e3806ba73f7d5acd01ad5b45f7a71c
train:97_0,RERANK,Hypothetical,D,f7b5d0116a620c944341237528996bc5f66756e7fb074a8d536c5be5091ff8c5
train:986_1,RERANK,Egocentric,C,e0133b37ad593f1bf99785a0b7231939a0714988b7e61610c1d4de1f7571fc15
train:996_1,RERANK,Egocentric,B,f61dfcd173c6f7634f86f641a7ee456d2ec015313c8632cb03a3355bf0f258f0
train:997_2,RERANK,Egocentric,C,bb568577b403c524d6e404ebe724adc8020cbac37f91953a545ca248c70031d2
