candidate_id,S_rerank,S_test,S_search
f6856a3437439e58b35ad8fedba5c2f1cabd89bb5550dc0db11d0fd01247215d,0.026571817135683656,-0.04795571351862742,0.043402777777777776
ab90b43f348253a578dcb95935f52c00eb11253a5d50f45fb540cf45626d0620,0.03535934721205147,-0.027538418266895084,0.03993055555555555
b0c85cd73e6d1fe8fbfd14bf276c57695a3409011a85c9a8d204f6c1c430be27,-0.04393765038183911,-0.047942928737630716,0.03819444444444445
4b7c80b9ade5a1ed0263f9888b8816dd146e4aa50c6fa0f299697932f44f45bc,-0.0274087247620044,-0.03857168426704852,0.03819444444444445
661a2f1f1c8be0f7325fe0b664192bfa46380843fe52b675bf11075e1c265699,0.0017784287059315895,-0.03524764120790609,0.006076388888888895
adf172831755d5b68b20bd41481d7665e21425c51d614aae18c17d25d300847e,-0.02793179202845486,-0.03414815004218978,0.0
ef5ccd9e100038eaeca590bb86f90622b26afb602bebc9512c60f4a108b50adc,-0.010356731875719213,-0.04298243371091054,0.010416666666666671
829d287f6589cb071898c9caffe0db86e5accfe00e840376ec20ae3824e0479f,0.0033476305052829794,-0.013219463550589373,0.028645833333333336
d57523a1ce45d74f69d618053a3cb8d0526b46e2798dba5cbb96086599cb54ea,-0.009833664609268752,0.0033368278401390977,0.04079861111111111
18e38dc4225a11e2a43c1a7abd32ddeea5ac0a0bcf35f6f5854fbf708e98f5ca,0.013390522021131918,-0.0369096627374773,0.004340277777777776
deb196fa84df5902012ba1aeef94e044a6ae8504a5512042cedeb4f67f599496,0.0033476305052829794,-0.015980976245876907,0.04079861111111111
80ba14a4907027ac59c6501890494c79f3d0b332451b637a41a0a8a5d18c7d94,-0.048854482686473466,-0.05566493645963845,0.004340277777777776
54eabf11f0ff8ce5bd00815f6625e45782a329579e500435eec1622edaff51d5,-0.052202113191756466,0.011084405124140231,0.010416666666666671
4c2ad23e6f5cc539dc6f8b673e897324cf8f919afd327aa771bf1faf57de40e0,0.007741395543466891,0.0005625303638548684,0.04079861111111111
2a688dce9ee3f6910a66c8306e45a673347e6c2da97ca4f612e37eadc34f421f,0.06454650067998745,-0.02810094863074996,0.010416666666666671
a3243ce7707a2a3682e9edb42f661751af7593e49dee8391462be0e0e7feca5b,-0.019667329218537505,-0.013193893988595967,0.004340277777777776
76fd1e2470419b464aa575afb0710800da330763a86d4deb65102df4412cfb61,0.05680510513652056,-0.028088163849753253,0.016493055555555552
cc58c5b4617585a020ea06fe6510a37fa06eb2ed3d0b9ce633f7637d616a5dd8,0.011612093315200335,-0.007696438160014321,0.034722222222222224
de9daf9ee915437bd004be5fcce930a347d25154784b4fa1312ac59f76b0176f,-0.04728528088712208,-0.010457950855301844,0.028645833333333336
55e981e2bf9e4babb697888bcfb78feb6518239214846cd29621319987c40fc7,-0.04676221362067162,-0.011570226802014881,0.04079861111111111
81bb5add189c3549a0224b682e1abd1917b968a50d713bb5c40e8599aa801434,-0.07647243435505806,-0.0209542560535938,0.046875
b93b3e639207b61066839c0c4c5d4b187f3648ac0893403e393788147d3cf641,0.031488649440318026,-0.024776905571607555,0.016493055555555552
4b140db906b35c085c2a787ae9894329d4678070f3c1bdea833e4187d79ac3f4,-0.0137043623810022,-0.05900176429977755,0.016493055555555552
97b28df35b811f0a5dba92060bfa9d60f1cc23fb3123298c2b14a461bea2df00,0.006172193744115498,0.006123910097420027,0.016493055555555552
ef890410cb6a191637158f8aece1145732c85167a996d9157caeb6326bdef12c,-0.06538340830630818,0.006123910097420027,0.022569444444444448
b06a070dcc167282e3d835c56d7575a4b8281f505a5580296614dac431c242ae,0.024270321163301602,-0.01817995857730957,0.026909722222222224
9b314dbaab24207ccb63b6994337f27fd505f1c0ef868166102def484737fe46,0.035882414478501934,-0.015405661101025342,0.014756944444444448
ff40caff9436adbf9bd38cd8dd2a07eed72cc198918166d6ec73cd19617b2ff6,-0.015796631446804044,-0.03855889948605179,-0.009548611111111105
7eb551620d6f21780d612d9f8503a1d4a80875b53e64823498fb5a4b3e96361f,-0.04393765038183911,0.004449103786852135,0.0026041666666666713
8df9aba1f6b623bbf8f5f441662a1131d8035a2b2969bf2c976daaee26931820,-0.05272518045820693,0.0028126518192743283,-0.021701388888888895
01bbababb4f283c44d083eb7bca75c14925e3eba22cf66abf454e99c61cbab3f,0.02039962339156816,-0.0021861975504359615,0.0390625
e41deb47a3347c404ac831f91d056350f4efae14a9311a1292ec77894c8497a8,-0.005439899571084844,0.009946559615433791,0.03298611111111111
46c856b84fea95a503af31a7cec2c88f97edbcc6a119792fce08e67a415c56fd,-0.017051992886285176,-0.02591475108031399,0.0390625
f5ddfea6676b39c604d6350dc2ca259859ae304610752b79b55536309319e7db,-0.018098127419186108,0.0011378455087064365,0.014756944444444448
2930262d8b064897fb218c774362a9dd8cfc1a995f22ed040fa75e5983e05edd,-0.013181295114551732,-0.008258968523869186,0.0390625
3623de8435d5dca0af10a2f282256df3ad2ee16357fc6d99799f9ad920bfb2fb,-0.06873103881159118,-0.02201539287632004,0.0026041666666666713
fb36a34fa770c8296e02ddda44e75e781d898c3d967c4633163d887c73a0e52c,0.03305785123966942,0.012708072310721318,0.03298611111111111
22a7ea37d049fb3796d1d62374d85880b5088534ee983f628589c0cb8e859d91,0.0028245632388325115,-0.04960495026720192,0.014756944444444448
4e30a3bcc17e9edc303ed428dbfe87c15a0954355aafdbc1a75b57288f536f94,0.007218328277016427,-0.009358459689585513,0.0390625
25a60f0b59f103ebf782a31f94bb569d897a652a0bc1bd95c5cdc5521418b843,0.11465634480594206,-0.07055920632079574,0.008680555555555552
093e6cb7dc80f6e32b4ed838f8687ccde8f6fb62a0e958c2f23a525672bea722,-0.048331415420023005,-0.03635991715461914,-0.009548611111111105
f686a886b7f72c7d003d6a650ffd17acce3c4aa805af76248dd3d1e642265184,0.016005858353384247,1.2784780996703132e-05,0.03298611111111111
a3a9766514890add553eb639947da5ae68bd92450572e8ba728a23d86c0aea11,0.04466994455486976,0.002787082257280936,0.014756944444444448
971fb9ab8ffe5a41ebb7393ce6f2735aa9ef9224dfc0eb3f76f24e796a432935,-0.021445757924469087,-0.004397964662865326,0.0390625
52212ca5358e89dbf43e9391c99ff6f5d190daee36555884fbdec50c2a05d34b,-0.052202113191756466,-0.03857168426704852,0.008680555555555552
76cef14153e1d850214cd9285b883b193d95539ff95708c26223e2a60f833198,0.014959723820483314,-0.020915901710603688,-0.0034722222222222238
01e198406346f9f78930fbd29c2959ed3cd3cef17ee66e06e347b462697f46b2,-0.018098127419186108,-0.0005113912398680698,0.026909722222222224
974d9211be6247450a6f495fb68d07d87a9447054c0e477af8b7ae30a4f4e56e,-0.06098964326812428,5.113912398681253e-05,0.0026041666666666713
edb8951b482bba16d69fcbe475f0a28430fa57b271325eda9b927fec9b791e3f,-0.01757506015273564,0.007197831701142958,0.026909722222222224
6b6f91ba62efae00f09fbbdb547009f73ef44ff90923e257225aa6c928379dbe,0.032011716706768494,0.007773146845994533,-0.009548611111111105
