parent,capability,radius,region_a,region_b,mean_delta_diff,mean_delta_diff_bh_q,density_ge_0.02_diff,density_ge_0.02_diff_bh_q,positive_thicket_mass_diff,positive_thicket_mass_diff_bh_q
vision,counting,0.0035698828543799426,vision_early,vision_mid,0.0009374999999999956,1.0,0.0,1.0,0.0009374999999999956,1.0
vision,counting,0.0035698828543799426,vision_early,vision_late,0.003437499999999984,0.26252307692307697,0.0,1.0,0.003437499999999984,0.9212400000000001
vision,counting,0.0035698828543799426,vision_mid,vision_late,0.0024999999999999883,0.5549294117647059,0.0,1.0,0.0024999999999999883,1.0
vision,counting,0.017849414271899712,vision_early,vision_mid,0.0006249999999999954,1.0,0.015625,1.0,0.001249999999999996,1.0
vision,counting,0.017849414271899712,vision_early,vision_late,-0.0009374999999999991,1.0,0.015625,1.0,1.734723475976807e-18,1.0
vision,counting,0.017849414271899712,vision_mid,vision_late,-0.0015624999999999944,0.9931090909090909,0.0,1.0,-0.0012499999999999942,1.0
vision,counting,0.07139765708759885,vision_early,vision_mid,-0.015312499999999988,0.0,-0.078125,0.9783000000000001,-0.0062499999999999795,0.0324
vision,counting,0.07139765708759885,vision_early,vision_late,-0.01593749999999999,0.0,-0.09375,0.7128,-0.006249999999999981,0.0324
vision,counting,0.07139765708759885,vision_mid,vision_late,-0.0006250000000000023,1.0,-0.015625,1.0,-1.734723475976807e-18,1.0
vision,fine_grained_recognition,0.0035698828543799426,vision_early,vision_mid,0.0,1.0,0.0,1.0,0.0,1.0
vision,fine_grained_recognition,0.0035698828543799426,vision_early,vision_late,0.0,1.0,0.0,1.0,0.0,1.0
vision,fine_grained_recognition,0.0035698828543799426,vision_mid,vision_late,0.0,1.0,0.0,1.0,0.0,1.0
vision,fine_grained_recognition,0.017849414271899712,vision_early,vision_mid,-0.0009374999999999982,0.9532285714285713,0.0,1.0,0.0,1.0
vision,fine_grained_recognition,0.017849414271899712,vision_early,vision_late,-0.0006249999999999988,1.0,0.0,1.0,0.0,1.0
vision,fine_grained_recognition,0.017849414271899712,vision_mid,vision_late,0.0003124999999999994,1.0,0.0,1.0,0.0,1.0
vision,fine_grained_recognition,0.07139765708759885,vision_early,vision_mid,0.0037499999999999947,0.24741818181818181,0.015625,1.0,0.0003125000000000003,1.0
vision,fine_grained_recognition,0.07139765708759885,vision_early,vision_late,0.01124999999999999,0.0,0.015625,1.0,0.0003125000000000003,1.0
vision,fine_grained_recognition,0.07139765708759885,vision_mid,vision_late,0.0074999999999999945,0.01485,0.0,1.0,0.0,1.0
vision,ocr_text_recognition_grounded,0.0035698828543799426,vision_early,vision_mid,-0.0025000000000000022,0.051685714285714286,0.0,1.0,0.0,1.0
vision,ocr_text_recognition_grounded,0.0035698828543799426,vision_early,vision_late,-0.0006250000000000006,1.0,0.0,1.0,0.0,1.0
vision,ocr_text_recognition_grounded,0.0035698828543799426,vision_mid,vision_late,0.0018750000000000017,0.14687999999999998,0.0,1.0,0.0,1.0
vision,ocr_text_recognition_grounded,0.017849414271899712,vision_early,vision_mid,-0.0009062499999999991,1.0,0.0,1.0,3.125000000000003e-05,1.0
vision,ocr_text_recognition_grounded,0.017849414271899712,vision_early,vision_late,1.734723475976807e-18,1.0,0.0,1.0,0.0,1.0
vision,ocr_text_recognition_grounded,0.017849414271899712,vision_mid,vision_late,0.0009062500000000008,1.0,0.0,1.0,-3.125000000000003e-05,1.0
vision,ocr_text_recognition_grounded,0.07139765708759885,vision_early,vision_mid,-0.0002812499999999985,1.0,0.03125,1.0,0.0006250000000000006,1.0
vision,ocr_text_recognition_grounded,0.07139765708759885,vision_early,vision_late,0.001281249999999989,1.0,0.0625,0.9783000000000001,0.001156250000000001,0.9820285714285715
vision,ocr_text_recognition_grounded,0.07139765708759885,vision_mid,vision_late,0.0015624999999999875,1.0,0.03125,1.0,0.0005312500000000005,1.0
vision,relational_reasoning,0.0035698828543799426,vision_early,vision_mid,0.00937500000000001,0.1398,0.015625,1.0,0.0003125000000000003,1.0
vision,relational_reasoning,0.0035698828543799426,vision_early,vision_late,0.006875000000000001,0.29545714285714286,0.015625,1.0,0.001249999999999996,1.0
vision,relational_reasoning,0.0035698828543799426,vision_mid,vision_late,-0.002500000000000009,1.0,0.0,1.0,0.0009374999999999956,1.0
vision,relational_reasoning,0.017849414271899712,vision_early,vision_mid,0.011875000000000004,0.042300000000000004,0.125,0.9783000000000001,0.0037499999999999964,0.9212400000000001
vision,relational_reasoning,0.017849414271899712,vision_early,vision_late,0.012812500000000006,0.03132,0.140625,0.9783000000000001,0.003437499999999998,0.9820285714285715
vision,relational_reasoning,0.017849414271899712,vision_mid,vision_late,0.0009375000000000026,1.0,0.015625,1.0,-0.00031249999999999854,1.0
vision,relational_reasoning,0.07139765708759885,vision_early,vision_mid,-0.0037499999999999964,1.0,0.015625,1.0,-0.003124999999999996,1.0
vision,relational_reasoning,0.07139765708759885,vision_early,vision_late,0.003437499999999998,1.0,0.140625,0.9783000000000001,0.003124999999999996,1.0
vision,relational_reasoning,0.07139765708759885,vision_mid,vision_late,0.007187499999999994,0.722178947368421,0.125,0.9783000000000001,0.006249999999999992,1.0
vision,spatial_reasoning,0.0035698828543799426,vision_early,vision_mid,-0.007187499999999986,0.078975,-0.1875,0.7128,-0.003437500000000003,0.9212400000000001
vision,spatial_reasoning,0.0035698828543799426,vision_early,vision_late,-0.0034374999999999926,0.6527999999999999,-0.109375,0.9783000000000001,-0.0015625000000000014,1.0
vision,spatial_reasoning,0.0035698828543799426,vision_mid,vision_late,0.003749999999999993,0.5549294117647059,0.078125,1.0,0.0018750000000000017,1.0
vision,spatial_reasoning,0.017849414271899712,vision_early,vision_mid,-0.0012500000000000046,1.0,-0.109375,0.9783000000000001,-0.0018750000000000017,1.0
vision,spatial_reasoning,0.017849414271899712,vision_early,vision_late,-0.0024999999999999988,0.9395999999999999,-0.109375,0.9783000000000001,-0.0018750000000000017,1.0
vision,spatial_reasoning,0.017849414271899712,vision_mid,vision_late,-0.0012499999999999942,1.0,0.0,1.0,0.0,1.0
vision,spatial_reasoning,0.07139765708759885,vision_early,vision_mid,0.0,1.0,-0.0625,1.0,-0.0009375000000000008,1.0
vision,spatial_reasoning,0.07139765708759885,vision_early,vision_late,-0.002499999999999992,1.0,-0.140625,0.9783000000000001,-0.002187500000000002,1.0
vision,spatial_reasoning,0.07139765708759885,vision_mid,vision_late,-0.002499999999999992,1.0,-0.078125,1.0,-0.0012500000000000011,1.0
vision,visual_grounding,0.0035698828543799426,vision_early,vision_mid,0.0,1.0,0.0,1.0,0.0,1.0
vision,visual_grounding,0.0035698828543799426,vision_early,vision_late,0.0,1.0,0.0,1.0,0.0,1.0
vision,visual_grounding,0.0035698828543799426,vision_mid,vision_late,0.0,1.0,0.0,1.0,0.0,1.0
vision,visual_grounding,0.017849414271899712,vision_early,vision_mid,0.0,1.0,0.0,1.0,0.0,1.0
vision,visual_grounding,0.017849414271899712,vision_early,vision_late,0.0,1.0,0.0,1.0,0.0,1.0
vision,visual_grounding,0.017849414271899712,vision_mid,vision_late,0.0,1.0,0.0,1.0,0.0,1.0
vision,visual_grounding,0.07139765708759885,vision_early,vision_mid,-0.0031250000000000028,0.37764000000000003,0.0,1.0,0.0,1.0
vision,visual_grounding,0.07139765708759885,vision_early,vision_late,-0.003437500000000003,0.25110000000000005,0.015625,1.0,0.0003125000000000003,1.0
vision,visual_grounding,0.07139765708759885,vision_mid,vision_late,-0.0003125000000000003,1.0,0.015625,1.0,0.0003125000000000003,1.0
language,counting,0.0035698828543799426,language_early,language_mid,0.00218749999999999,0.36440000000000006,0.0,1.0,0.00218749999999999,0.5489999999999999
language,counting,0.0035698828543799426,language_early,language_late,0.0037499999999999825,0.029699999999999997,0.0,1.0,0.0037499999999999825,0.1062
language,counting,0.0035698828543799426,language_mid,language_late,0.0015624999999999927,0.4323483870967742,0.0,1.0,0.0015624999999999927,0.65205
language,counting,0.017849414271899712,language_early,language_mid,0.0034374999999999857,0.16512631578947368,0.015625,1.0,0.0034374999999999857,0.2808
language,counting,0.017849414271899712,language_early,language_late,0.0034374999999999857,0.16512631578947368,0.015625,1.0,0.0034374999999999857,0.2808
language,counting,0.017849414271899712,language_mid,language_late,0.0,1.0,0.0,1.0,0.0,1.0
language,counting,0.07139765708759885,language_early,language_mid,-0.006562500000000002,0.20385,0.078125,0.7830000000000001,0.0012500000000000046,1.0
language,counting,0.07139765708759885,language_early,language_late,-0.0096875,0.030436363636363636,0.109375,0.35100000000000003,0.0009375000000000095,1.0
language,counting,0.07139765708759885,language_mid,language_late,-0.0031249999999999976,0.35432307692307696,0.03125,1.0,-0.0003124999999999951,1.0
language,fine_grained_recognition,0.0035698828543799426,language_early,language_mid,0.0,1.0,0.0,1.0,0.0,1.0
language,fine_grained_recognition,0.0035698828543799426,language_early,language_late,0.0,1.0,0.0,1.0,0.0,1.0
language,fine_grained_recognition,0.0035698828543799426,language_mid,language_late,0.0,1.0,0.0,1.0,0.0,1.0
language,fine_grained_recognition,0.017849414271899712,language_early,language_mid,-0.006249999999999989,0.0,0.0,1.0,0.0,1.0
language,fine_grained_recognition,0.017849414271899712,language_early,language_late,-0.0034374999999999944,0.13464,0.0,1.0,0.0,1.0
language,fine_grained_recognition,0.017849414271899712,language_mid,language_late,0.0028124999999999947,0.015525,0.0,1.0,0.0,1.0
language,fine_grained_recognition,0.07139765708759885,language_early,language_mid,-0.014999999999999989,0.0174,0.09375,0.7015500000000001,0.0025000000000000022,0.3501692307692308
language,fine_grained_recognition,0.07139765708759885,language_early,language_late,-0.008437499999999997,0.2527714285714286,0.0625,1.0,0.0015625000000000014,0.8978086956521739
language,fine_grained_recognition,0.07139765708759885,language_mid,language_late,0.006562499999999992,0.2538,-0.03125,1.0,-0.0009375000000000008,1.0
language,ocr_text_recognition_grounded,0.0035698828543799426,language_early,language_mid,-0.00028125000000000025,1.0,0.0,1.0,3.125000000000003e-05,1.0
language,ocr_text_recognition_grounded,0.0035698828543799426,language_early,language_late,-0.00028125000000000025,1.0,0.0,1.0,3.125000000000003e-05,1.0
language,ocr_text_recognition_grounded,0.0035698828543799426,language_mid,language_late,0.0,1.0,0.0,1.0,0.0,1.0
language,ocr_text_recognition_grounded,0.017849414271899712,language_early,language_mid,-0.007249999999999989,0.0,0.0,1.0,6.250000000000006e-05,1.0
language,ocr_text_recognition_grounded,0.017849414271899712,language_early,language_late,-0.004062499999999986,0.1480235294117647,0.0,1.0,0.0001250000000000001,0.7989545454545456
language,ocr_text_recognition_grounded,0.017849414271899712,language_mid,language_late,0.003187500000000003,0.0805846153846154,0.0,1.0,6.250000000000006e-05,1.0
language,ocr_text_recognition_grounded,0.07139765708759885,language_early,language_mid,-0.015687499999999965,0.0018000000000000002,0.09375,0.35100000000000003,0.0019062500000000017,0.15197142857142856
language,ocr_text_recognition_grounded,0.07139765708759885,language_early,language_late,-0.014374999999999978,0.015525,0.03125,1.0,0.0004687500000000004,1.0
language,ocr_text_recognition_grounded,0.07139765708759885,language_mid,language_late,0.0013124999999999856,1.0,-0.0625,0.7015500000000001,-0.0014375000000000013,0.2628
language,relational_reasoning,0.0035698828543799426,language_early,language_mid,-0.0003125000000000003,1.0,0.09375,0.7015500000000001,0.0018750000000000017,0.53325
language,relational_reasoning,0.0035698828543799426,language_early,language_late,0.0037500000000000033,0.42389999999999994,0.09375,0.7015500000000001,0.0018750000000000017,0.53325
language,relational_reasoning,0.0035698828543799426,language_mid,language_late,0.004062500000000004,0.30779999999999996,0.0,1.0,0.0,1.0
language,relational_reasoning,0.017849414271899712,language_early,language_mid,0.005312499999999991,0.44701875,0.15625,0.5804999999999999,0.006562499999999992,0.15525
language,relational_reasoning,0.017849414271899712,language_early,language_late,0.018124999999999995,0.00405,0.25,0.2052,0.009374999999999988,0.0162
language,relational_reasoning,0.017849414271899712,language_mid,language_late,0.012812500000000004,0.015525,0.09375,0.8816999999999999,0.0028124999999999956,0.5795052631578947
language,relational_reasoning,0.07139765708759885,language_early,language_mid,-0.013749999999999995,0.31139999999999995,-0.109375,0.8816999999999999,-0.002187499999999995,1.0
language,relational_reasoning,0.07139765708759885,language_early,language_late,-0.004062500000000002,1.0,0.0,1.0,0.0049999999999999975,0.7989545454545456
language,relational_reasoning,0.07139765708759885,language_mid,language_late,0.009687499999999993,0.35432307692307696,0.109375,0.8816999999999999,0.0071874999999999925,0.5048999999999999
language,spatial_reasoning,0.0035698828543799426,language_early,language_mid,0.0053124999999999995,0.143775,0.1875,0.35100000000000003,0.004375000000000004,0.15197142857142856
language,spatial_reasoning,0.0035698828543799426,language_early,language_late,0.0034374999999999996,0.37204137931034487,0.125,0.7339846153846155,0.0028125000000000025,0.5453999999999999
language,spatial_reasoning,0.0035698828543799426,language_mid,language_late,-0.001875,0.7278545454545454,-0.0625,1.0,-0.0015625000000000014,0.901584
language,spatial_reasoning,0.017849414271899712,language_early,language_mid,-0.00031249999999999854,1.0,0.0,1.0,0.0003125000000000003,1.0
language,spatial_reasoning,0.017849414271899712,language_early,language_late,-0.0006249999999999901,1.0,0.0,1.0,0.0018750000000000017,1.0
language,spatial_reasoning,0.017849414271899712,language_mid,language_late,-0.0003124999999999916,1.0,0.0,1.0,0.0015625000000000014,1.0
language,spatial_reasoning,0.07139765708759885,language_early,language_mid,0.02750000000000001,0.10761428571428573,0.109375,0.8816999999999999,0.015937500000000014,0.0405
language,spatial_reasoning,0.07139765708759885,language_early,language_late,-0.008124999999999986,0.745835294117647,-0.078125,1.0,0.004687500000000004,0.901584
language,spatial_reasoning,0.07139765708759885,language_mid,language_late,-0.035625,0.00648,-0.1875,0.4509,-0.01125000000000001,0.15197142857142856
language,visual_grounding,0.0035698828543799426,language_early,language_mid,0.0,1.0,0.0,1.0,0.0,1.0
language,visual_grounding,0.0035698828543799426,language_early,language_late,0.0,1.0,0.0,1.0,0.0,1.0
language,visual_grounding,0.0035698828543799426,language_mid,language_late,0.0,1.0,0.0,1.0,0.0,1.0
language,visual_grounding,0.017849414271899712,language_early,language_mid,0.0003125000000000003,1.0,0.015625,1.0,0.0003125000000000003,1.0
language,visual_grounding,0.017849414271899712,language_early,language_late,0.0003125000000000003,1.0,0.015625,1.0,0.0003125000000000003,1.0
language,visual_grounding,0.017849414271899712,language_mid,language_late,0.0,1.0,0.0,1.0,0.0,1.0
language,visual_grounding,0.07139765708759885,language_early,language_mid,0.0012500000000000011,1.0,0.15625,0.35100000000000003,0.0037500000000000033,0.15197142857142856
language,visual_grounding,0.07139765708759885,language_early,language_late,-0.003437500000000003,0.37204137931034487,0.03125,1.0,0.0012500000000000011,1.0
language,visual_grounding,0.07139765708759885,language_mid,language_late,-0.004687500000000004,0.0666,-0.125,0.54,-0.0025000000000000022,0.3222
