scale,capability,region,radius,radius_label,n,mean_delta,median_delta,std_delta,min_delta,max_delta,p_delta_gt_0,density_ge_0.0,density_ge_0.02,density_ge_0.05,positive_thicket_mass,negative_mass,q25,q50,q75,q90,q95
3B,visual_grounding,vision,0.0035698828543799426,small,64,0.0,0.0,0.0,0.0,0.0,0.0,1.0,0.0,0.0,0.0,0.0,0.0,0.0,0.0,0.0,0.0
3B,counting,vision,0.0035698828543799426,small,64,0.00812499999999996,0.0,0.010439558180306247,-0.020000000000000018,0.019999999999999907,0.421875,0.984375,0.0,0.0,0.00843749999999996,0.0003125000000000003,0.0,0.0,0.019999999999999907,0.019999999999999907,0.019999999999999907
3B,spatial_reasoning,vision,0.0035698828543799426,small,64,-0.0024999999999999727,0.0,0.015206906325745522,-0.039999999999999925,0.020000000000000018,0.1875,0.734375,0.1875,0.0,0.0037500000000000033,0.006249999999999976,-0.019999999999999907,0.0,0.0,0.020000000000000018,0.020000000000000018
3B,ocr_text_recognition_grounded,vision,0.0035698828543799426,small,64,-0.002187500000000002,0.0,0.0062421826110744365,-0.020000000000000018,0.0,0.0,0.890625,0.0,0.0,0.0,0.002187500000000002,0.0,0.0,0.0,0.0,0.0
3B,relational_reasoning,vision,0.0035698828543799426,small,64,-0.006875000000000011,0.0,0.023774658252012804,-0.040000000000000036,0.07999999999999996,0.21875,0.53125,0.21875,0.015625,0.0059375,0.012812500000000011,-0.020000000000000018,0.0,0.0,0.020000000000000018,0.020000000000000018
3B,fine_grained_recognition,vision,0.0035698828543799426,small,64,-0.0003124999999999994,0.0,0.0024803918541230485,-0.019999999999999962,0.0,0.0,0.984375,0.0,0.0,0.0,0.0003124999999999994,0.0,0.0,0.0,0.0,0.0
3B,visual_grounding,vision,0.017849414271899712,mid,64,-0.0003125000000000003,0.0,0.002480391854123056,-0.020000000000000018,0.0,0.0,0.984375,0.0,0.0,0.0,0.0003125000000000003,0.0,0.0,0.0,0.0,0.0
3B,counting,vision,0.017849414271899712,mid,64,0.0043749999999999675,0.0,0.014347800354061215,-0.040000000000000036,0.039999999999999925,0.328125,0.90625,0.015625,0.0,0.00687499999999997,0.0025000000000000022,0.0,0.0,0.019999999999999907,0.019999999999999907,0.019999999999999907
3B,spatial_reasoning,vision,0.017849414271899712,mid,64,-0.0012499999999999734,0.0,0.013169567191065896,-0.019999999999999907,0.020000000000000018,0.1875,0.75,0.1875,0.0,0.0037500000000000033,0.004999999999999977,-0.004999999999999977,0.0,0.0,0.020000000000000018,0.020000000000000018
3B,ocr_text_recognition_grounded,vision,0.017849414271899712,mid,64,-0.0077812500000000034,0.0,0.010989296994689878,-0.039999999999999925,0.0020000000000000018,0.015625,0.640625,0.0,0.0,3.125000000000003e-05,0.007812500000000003,-0.020000000000000018,0.0,0.0,0.0,0.0
3B,relational_reasoning,vision,0.017849414271899712,mid,64,0.0003124999999999812,0.0,0.03010236442125435,-0.06000000000000005,0.05999999999999994,0.40625,0.59375,0.40625,0.046875,0.012499999999999992,0.01218750000000001,-0.020000000000000018,0.0,0.020000000000000018,0.039999999999999925,0.039999999999999925
3B,fine_grained_recognition,vision,0.017849414271899712,mid,64,-0.0012499999999999976,0.0,0.004841229182759262,-0.019999999999999962,0.0,0.0,0.9375,0.0,0.0,0.0,0.0012499999999999976,0.0,0.0,0.0,0.0,0.0
3B,visual_grounding,vision,0.07139765708759885,transition,64,0.004062500000000004,0.0,0.012835345486195542,-0.020000000000000018,0.020000000000000018,0.328125,0.875,0.328125,0.0,0.006562500000000006,0.0025000000000000022,0.0,0.0,0.020000000000000018,0.020000000000000018,0.020000000000000018
3B,counting,vision,0.07139765708759885,transition,64,-0.009687500000000028,-0.020000000000000018,0.01936239509332457,-0.040000000000000036,0.039999999999999925,0.171875,0.421875,0.03125,0.0,0.0040624999999999845,0.013750000000000012,-0.020000000000000018,-0.020000000000000018,0.0,0.019999999999999907,0.019999999999999907
3B,spatial_reasoning,vision,0.07139765708759885,transition,64,-0.0043749999999999675,0.0,0.022211694554896053,-0.07999999999999996,0.040000000000000036,0.203125,0.671875,0.203125,0.0,0.005312500000000005,0.009687499999999972,-0.019999999999999907,0.0,0.0,0.020000000000000018,0.03699999999999992
3B,ocr_text_recognition_grounded,vision,0.07139765708759885,transition,64,-0.009031249999999987,0.0,0.016654549631782294,-0.05999999999999994,0.020000000000000018,0.171875,0.53125,0.09375,0.0,0.0020625000000000036,0.01109374999999999,-0.020000000000000018,0.0,0.0,0.0034000000000000865,0.020000000000000018
3B,relational_reasoning,vision,0.07139765708759885,transition,64,0.010937499999999968,0.020000000000000018,0.04091602490162014,-0.08000000000000002,0.07999999999999996,0.53125,0.703125,0.53125,0.171875,0.02312499999999998,0.01218750000000001,-0.020000000000000018,0.020000000000000018,0.039999999999999925,0.05999999999999994,0.07699999999999985
3B,fine_grained_recognition,vision,0.07139765708759885,transition,64,-0.017187499999999984,-0.019999999999999962,0.01899578489428641,-0.06,0.020000000000000018,0.03125,0.40625,0.03125,0.0,0.0006250000000000006,0.017812499999999985,-0.019999999999999962,-0.019999999999999962,0.0,0.0,0.0
3B,visual_grounding,multimodal_connector_or_merger,0.0035698828543799426,small,64,0.0,0.0,0.0,0.0,0.0,0.0,1.0,0.0,0.0,0.0,0.0,0.0,0.0,0.0,0.0,0.0
3B,counting,multimodal_connector_or_merger,0.0035698828543799426,small,64,0.00437499999999998,0.0,0.008267972847076808,0.0,0.019999999999999907,0.21875,1.0,0.0,0.0,0.00437499999999998,0.0,0.0,0.0,0.0,0.019999999999999907,0.019999999999999907
3B,spatial_reasoning,multimodal_connector_or_merger,0.0035698828543799426,small,64,-0.004374999999999964,0.0,0.013905372163304335,-0.019999999999999907,0.040000000000000036,0.125,0.640625,0.125,0.0,0.0028125000000000025,0.0071874999999999665,-0.019999999999999907,0.0,0.0,0.020000000000000018,0.020000000000000018
3B,ocr_text_recognition_grounded,multimodal_connector_or_merger,0.0035698828543799426,small,64,0.0,0.0,0.0,0.0,0.0,0.0,1.0,0.0,0.0,0.0,0.0,0.0,0.0,0.0,0.0,0.0
3B,relational_reasoning,multimodal_connector_or_merger,0.0035698828543799426,small,64,0.001249999999999996,0.0,0.01763341997458236,-0.020000000000000018,0.039999999999999925,0.328125,0.6875,0.328125,0.0,0.0075000000000000015,0.0062500000000000056,-0.020000000000000018,0.0,0.020000000000000018,0.020000000000000018,0.020000000000000018
3B,fine_grained_recognition,multimodal_connector_or_merger,0.0035698828543799426,small,64,0.0,0.0,0.0,0.0,0.0,0.0,1.0,0.0,0.0,0.0,0.0,0.0,0.0,0.0,0.0,0.0
3B,visual_grounding,multimodal_connector_or_merger,0.017849414271899712,mid,64,0.0,0.0,0.0,0.0,0.0,0.0,1.0,0.0,0.0,0.0,0.0,0.0,0.0,0.0,0.0,0.0
3B,counting,multimodal_connector_or_merger,0.017849414271899712,mid,64,0.005937499999999972,0.0,0.00913761969825836,0.0,0.019999999999999907,0.296875,1.0,0.0,0.0,0.005937499999999972,0.0,0.0,0.0,0.019999999999999907,0.019999999999999907,0.019999999999999907
3B,spatial_reasoning,multimodal_connector_or_merger,0.017849414271899712,mid,64,0.0009375000000000234,0.0,0.013887803777055587,-0.019999999999999907,0.040000000000000036,0.234375,0.796875,0.234375,0.0,0.0050000000000000044,0.004062499999999981,0.0,0.0,0.0,0.020000000000000018,0.020000000000000018
3B,ocr_text_recognition_grounded,multimodal_connector_or_merger,0.017849414271899712,mid,64,0.0,0.0,0.0,0.0,0.0,0.0,1.0,0.0,0.0,0.0,0.0,0.0,0.0,0.0,0.0,0.0
3B,relational_reasoning,multimodal_connector_or_merger,0.017849414271899712,mid,64,-0.00718750000000001,-0.020000000000000018,0.017807016699885478,-0.040000000000000036,0.039999999999999925,0.171875,0.484375,0.171875,0.0,0.0040625,0.01125000000000001,-0.020000000000000018,-0.020000000000000018,0.0,0.020000000000000018,0.020000000000000018
3B,fine_grained_recognition,multimodal_connector_or_merger,0.017849414271899712,mid,64,0.0,0.0,0.0,0.0,0.0,0.0,1.0,0.0,0.0,0.0,0.0,0.0,0.0,0.0,0.0,0.0
3B,visual_grounding,multimodal_connector_or_merger,0.07139765708759885,transition,64,0.0,0.0,0.0,0.0,0.0,0.0,1.0,0.0,0.0,0.0,0.0,0.0,0.0,0.0,0.0,0.0
3B,counting,multimodal_connector_or_merger,0.07139765708759885,transition,64,0.004062499999999981,0.0,0.008046495743489795,0.0,0.019999999999999907,0.203125,1.0,0.0,0.0,0.004062499999999981,0.0,0.0,0.0,0.0,0.019999999999999907,0.019999999999999907
3B,spatial_reasoning,multimodal_connector_or_merger,0.07139765708759885,transition,64,0.001875000000000026,0.0,0.015699820858850567,-0.019999999999999907,0.040000000000000036,0.265625,0.78125,0.265625,0.0,0.0062500000000000056,0.00437499999999998,0.0,0.0,0.020000000000000018,0.020000000000000018,0.020000000000000018
3B,ocr_text_recognition_grounded,multimodal_connector_or_merger,0.07139765708759885,transition,64,-0.0015000000000000013,0.0,0.005396758286230731,-0.020000000000000018,0.0020000000000000018,0.03125,0.921875,0.0,0.0,6.250000000000006e-05,0.0015625000000000014,0.0,0.0,0.0,0.0,0.0
3B,relational_reasoning,multimodal_connector_or_merger,0.07139765708759885,transition,64,-0.00875000000000001,-0.010000000000000009,0.016909686573085864,-0.040000000000000036,0.039999999999999925,0.125,0.5,0.125,0.0,0.0028125000000000008,0.01156250000000001,-0.020000000000000018,-0.010000000000000009,0.0,0.020000000000000018,0.020000000000000018
3B,fine_grained_recognition,multimodal_connector_or_merger,0.07139765708759885,transition,64,0.0,0.0,0.0,0.0,0.0,0.0,1.0,0.0,0.0,0.0,0.0,0.0,0.0,0.0,0.0,0.0
3B,visual_grounding,language,0.0035698828543799426,small,64,0.0,0.0,0.0,0.0,0.0,0.0,1.0,0.0,0.0,0.0,0.0,0.0,0.0,0.0,0.0,0.0
3B,counting,language,0.0035698828543799426,small,64,0.005937499999999972,0.0,0.009137619698258362,0.0,0.019999999999999907,0.296875,1.0,0.0,0.0,0.005937499999999972,0.0,0.0,0.0,0.019999999999999907,0.019999999999999907,0.019999999999999907
3B,spatial_reasoning,language,0.0035698828543799426,small,64,-0.00031249999999996905,0.0,0.015203695068962648,-0.019999999999999907,0.040000000000000036,0.25,0.71875,0.25,0.0,0.005312500000000005,0.005624999999999974,-0.019999999999999907,0.0,0.0050000000000000044,0.020000000000000018,0.020000000000000018
3B,ocr_text_recognition_grounded,language,0.0035698828543799426,small,64,-0.0002187500000000002,0.0,0.0025277753930086455,-0.020000000000000018,0.0020000000000000018,0.046875,0.984375,0.0,0.0,9.375000000000008e-05,0.0003125000000000003,0.0,0.0,0.0,0.0,0.0
3B,relational_reasoning,language,0.0035698828543799426,small,64,-0.010937500000000011,-0.010000000000000009,0.019978015260530776,-0.040000000000000036,0.039999999999999925,0.140625,0.5,0.140625,0.0,0.003125000000000001,0.014062500000000012,-0.020000000000000018,-0.010000000000000009,0.0,0.020000000000000018,0.020000000000000018
3B,fine_grained_recognition,language,0.0035698828543799426,small,64,0.0,0.0,0.0,0.0,0.0,0.0,1.0,0.0,0.0,0.0,0.0,0.0,0.0,0.0,0.0,0.0
3B,visual_grounding,language,0.017849414271899712,mid,64,0.0003125000000000003,0.0,0.002480391854123056,0.0,0.020000000000000018,0.015625,1.0,0.015625,0.0,0.0003125000000000003,0.0,0.0,0.0,0.0,0.0,0.0
3B,counting,language,0.017849414271899712,mid,64,0.007812499999999965,0.0,0.010378576190884716,0.0,0.039999999999999925,0.375,1.0,0.015625,0.0,0.007812499999999965,0.0,0.0,0.0,0.019999999999999907,0.019999999999999907,0.019999999999999907
3B,spatial_reasoning,language,0.017849414271899712,mid,64,0.021875000000000033,0.020000000000000018,0.03076498618559742,-0.05999999999999994,0.10000000000000009,0.703125,0.859375,0.703125,0.140625,0.026562500000000024,0.0046874999999999886,0.0,0.020000000000000018,0.040000000000000036,0.06000000000000005,0.06000000000000005
3B,ocr_text_recognition_grounded,language,0.017849414271899712,mid,64,-0.007218749999999991,0.0,0.011525066092543664,-0.039999999999999925,0.0020000000000000018,0.1875,0.65625,0.0,0.0,0.00037500000000000033,0.007593749999999991,-0.018499999999999933,0.0,0.0,0.0020000000000000018,0.0020000000000000018
3B,relational_reasoning,language,0.017849414271899712,mid,64,0.004999999999999982,0.0,0.030618621784789718,-0.040000000000000036,0.07999999999999996,0.40625,0.640625,0.40625,0.109375,0.01468749999999999,0.009687500000000009,-0.020000000000000018,0.0,0.020000000000000018,0.05399999999999999,0.05999999999999994
3B,fine_grained_recognition,language,0.017849414271899712,mid,64,-0.008749999999999987,0.0,0.012686114456365262,-0.03999999999999998,0.0,0.0,0.640625,0.0,0.0,0.0,0.008749999999999987,-0.019999999999999962,0.0,0.0,0.0,0.0
3B,visual_grounding,language,0.07139765708759885,transition,64,-0.0037500000000000033,0.0,0.016909686573085867,-0.040000000000000036,0.020000000000000018,0.203125,0.6875,0.203125,0.0,0.004062500000000004,0.007812500000000007,-0.020000000000000018,0.0,0.0,0.020000000000000018,0.020000000000000018
3B,counting,language,0.07139765708759885,transition,64,-0.0037500000000000398,0.0,0.027128168017763365,-0.08000000000000007,0.039999999999999925,0.328125,0.640625,0.09375,0.0,0.008437499999999971,0.01218750000000001,-0.020000000000000018,0.0,0.019999999999999907,0.019999999999999907,0.039999999999999925
3B,spatial_reasoning,language,0.07139765708759885,transition,64,-0.004687499999999952,0.010000000000000009,0.07059941461336632,-0.23999999999999994,0.10000000000000009,0.5,0.578125,0.5,0.25,0.025625000000000023,0.030312499999999975,-0.04499999999999993,0.010000000000000009,0.04500000000000004,0.06000000000000005,0.09699999999999998
3B,ocr_text_recognition_grounded,language,0.07139765708759885,transition,64,-0.03965624999999994,-0.03799999999999992,0.02476528489514101,-0.11199999999999999,0.020000000000000018,0.078125,0.109375,0.015625,0.0,0.00046875000000000215,0.040124999999999945,-0.05799999999999994,-0.03799999999999992,-0.020000000000000018,-0.004799999999999926,0.0020000000000000018
3B,relational_reasoning,language,0.07139765708759885,transition,64,-0.02406250000000003,-0.020000000000000018,0.058221526034191166,-0.18000000000000005,0.12,0.28125,0.359375,0.28125,0.09375,0.013124999999999989,0.03718750000000002,-0.06000000000000005,-0.020000000000000018,0.020000000000000018,0.039999999999999925,0.05999999999999994
3B,fine_grained_recognition,language,0.07139765708759885,transition,64,-0.04781249999999998,-0.03999999999999998,0.04162589150696955,-0.15999999999999998,0.06,0.0625,0.171875,0.0625,0.015625,0.002187500000000001,0.04999999999999998,-0.06499999999999999,-0.03999999999999998,-0.019999999999999962,0.0,0.0169999999999999
7B,visual_grounding,vision,0.0035698828543799426,small,64,0.005625000000000021,0.0,0.01519405722642901,-0.019999999999999907,0.040000000000000036,0.375,0.859375,0.375,0.0,0.008437500000000007,0.002812499999999987,0.0,0.0,0.020000000000000018,0.020000000000000018,0.020000000000000018
7B,counting,vision,0.0035698828543799426,small,64,-0.008749999999999963,0.0,0.011110243021644445,-0.039999999999999925,0.0,0.0,0.59375,0.0,0.0,0.0,0.008749999999999963,-0.019999999999999907,0.0,0.0,0.0,0.0
7B,spatial_reasoning,vision,0.0035698828543799426,small,64,0.0012500000000000011,0.0,0.0048412291827592754,0.0,0.020000000000000018,0.0625,1.0,0.0625,0.0,0.0012500000000000011,0.0,0.0,0.0,0.0,0.0,0.0169999999999999
7B,ocr_text_recognition_grounded,vision,0.0035698828543799426,small,64,-0.0015625000000000014,0.0,0.005367363761661776,-0.020000000000000018,0.0,0.0,0.921875,0.0,0.0,0.0,0.0015625000000000014,0.0,0.0,0.0,0.0,0.0
7B,relational_reasoning,vision,0.0035698828543799426,small,64,-0.02437500000000002,-0.020000000000000018,0.018189540263569077,-0.06000000000000005,0.020000000000000018,0.046875,0.203125,0.046875,0.0,0.0009375000000000008,0.025312500000000022,-0.040000000000000036,-0.020000000000000018,-0.020000000000000018,0.0,0.0
7B,fine_grained_recognition,vision,0.0035698828543799426,small,64,-0.0003125000000000003,0.0,0.002480391854123056,-0.020000000000000018,0.0,0.0,0.984375,0.0,0.0,0.0,0.0003125000000000003,0.0,0.0,0.0,0.0,0.0
7B,visual_grounding,vision,0.017849414271899712,mid,64,0.009687500000000019,0.0,0.018025047676774673,-0.019999999999999907,0.08000000000000007,0.4375,0.90625,0.4375,0.015625,0.01156250000000001,0.0018749999999999913,0.0,0.0,0.020000000000000018,0.034000000000000086,0.040000000000000036
7B,counting,vision,0.017849414271899712,mid,64,-0.017812499999999943,-0.019999999999999907,0.01662723199302876,-0.07999999999999996,0.0,0.0,0.34375,0.0,0.0,0.0,0.017812499999999943,-0.019999999999999907,-0.019999999999999907,0.0,0.0,0.0
7B,spatial_reasoning,vision,0.017849414271899712,mid,64,0.007500000000000007,0.0,0.009682458365518551,0.0,0.020000000000000018,0.375,1.0,0.375,0.0,0.007500000000000007,0.0,0.0,0.0,0.020000000000000018,0.020000000000000018,0.020000000000000018
7B,ocr_text_recognition_grounded,vision,0.017849414271899712,mid,64,-0.0037500000000000033,0.0,0.0078062474979980045,-0.020000000000000018,0.0,0.0,0.8125,0.0,0.0,0.0,0.0037500000000000033,0.0,0.0,0.0,0.0,0.0
7B,relational_reasoning,vision,0.017849414271899712,mid,64,-0.018437500000000016,-0.020000000000000018,0.019781521522623094,-0.06000000000000005,0.020000000000000018,0.09375,0.3125,0.09375,0.0,0.0018750000000000017,0.020312500000000018,-0.040000000000000036,-0.020000000000000018,0.0,0.0,0.020000000000000018
7B,fine_grained_recognition,vision,0.017849414271899712,mid,64,-0.0006250000000000075,0.0,0.010588171466310881,-0.020000000000000018,0.019999999999999962,0.125,0.84375,0.0,0.0,0.0024999999999999953,0.0031250000000000028,0.0,0.0,0.0,0.019999999999999962,0.019999999999999962
7B,visual_grounding,vision,0.07139765708759885,transition,64,0.028750000000000036,0.030000000000000027,0.02570870475150392,-0.019999999999999907,0.08000000000000007,0.78125,0.90625,0.78125,0.203125,0.030625000000000027,0.0018749999999999913,0.020000000000000018,0.030000000000000027,0.040000000000000036,0.06000000000000005,0.06000000000000005
7B,counting,vision,0.07139765708759885,transition,64,-0.04499999999999993,-0.039999999999999925,0.023184046238739268,-0.07999999999999996,0.020000000000000018,0.015625,0.046875,0.015625,0.0,0.0003125000000000003,0.045312499999999936,-0.05999999999999994,-0.039999999999999925,-0.019999999999999907,-0.019999999999999907,-0.019999999999999907
7B,spatial_reasoning,vision,0.07139765708759885,transition,64,0.013750000000000012,0.020000000000000018,0.010532687216470457,-0.020000000000000018,0.040000000000000036,0.6875,0.984375,0.6875,0.0,0.014062500000000012,0.0003125000000000003,0.0,0.020000000000000018,0.020000000000000018,0.020000000000000018,0.020000000000000018
7B,ocr_text_recognition_grounded,vision,0.07139765708759885,transition,64,-0.008937500000000003,0.0,0.014278343522621936,-0.04800000000000004,0.020000000000000018,0.109375,0.578125,0.015625,0.0,0.0008750000000000008,0.009812500000000004,-0.020000000000000018,0.0,0.0,0.0042000000000000206,0.006000000000000005
7B,relational_reasoning,vision,0.07139765708759885,transition,64,-0.0015625000000000153,0.0,0.02507605618413709,-0.06000000000000005,0.039999999999999925,0.3125,0.65625,0.3125,0.0,0.008749999999999994,0.01031250000000001,-0.020000000000000018,0.0,0.020000000000000018,0.039999999999999925,0.039999999999999925
7B,fine_grained_recognition,vision,0.07139765708759885,transition,64,0.010624999999999982,0.0,0.01694430213965744,-0.020000000000000018,0.03999999999999998,0.484375,0.90625,0.140625,0.0,0.012499999999999983,0.0018750000000000017,0.0,0.0,0.019999999999999962,0.03999999999999998,0.03999999999999998
7B,visual_grounding,multimodal_connector_or_merger,0.0035698828543799426,small,64,0.0050000000000000044,0.0,0.009354143466934861,0.0,0.040000000000000036,0.234375,1.0,0.234375,0.0,0.0050000000000000044,0.0,0.0,0.0,0.0,0.020000000000000018,0.020000000000000018
7B,counting,multimodal_connector_or_merger,0.0035698828543799426,small,64,-0.0015624999999999927,0.0,0.005367363761661746,-0.019999999999999907,0.0,0.0,0.921875,0.0,0.0,0.0,0.0015624999999999927,0.0,0.0,0.0,0.0,0.0
7B,spatial_reasoning,multimodal_connector_or_merger,0.0035698828543799426,small,64,0.0,0.0,0.0,0.0,0.0,0.0,1.0,0.0,0.0,0.0,0.0,0.0,0.0,0.0,0.0,0.0
7B,ocr_text_recognition_grounded,multimodal_connector_or_merger,0.0035698828543799426,small,64,0.0,0.0,0.0,0.0,0.0,0.0,1.0,0.0,0.0,0.0,0.0,0.0,0.0,0.0,0.0,0.0
7B,relational_reasoning,multimodal_connector_or_merger,0.0035698828543799426,small,64,-0.026562500000000024,-0.020000000000000018,0.014166283695803934,-0.040000000000000036,0.0,0.0,0.140625,0.0,0.0,0.0,0.026562500000000024,-0.040000000000000036,-0.020000000000000018,-0.020000000000000018,0.0,0.0
7B,fine_grained_recognition,multimodal_connector_or_merger,0.0035698828543799426,small,64,0.0,0.0,0.0,0.0,0.0,0.0,1.0,0.0,0.0,0.0,0.0,0.0,0.0,0.0,0.0,0.0
7B,visual_grounding,multimodal_connector_or_merger,0.017849414271899712,mid,64,0.004375000000000004,0.0,0.008267972847076855,0.0,0.020000000000000018,0.21875,1.0,0.21875,0.0,0.004375000000000004,0.0,0.0,0.0,0.0,0.020000000000000018,0.020000000000000018
7B,counting,multimodal_connector_or_merger,0.017849414271899712,mid,64,-0.0018749999999999913,0.0,0.005829611908180482,-0.019999999999999907,0.0,0.0,0.90625,0.0,0.0,0.0,0.0018749999999999913,0.0,0.0,0.0,0.0,0.0
7B,spatial_reasoning,multimodal_connector_or_merger,0.017849414271899712,mid,64,0.0,0.0,0.0,0.0,0.0,0.0,1.0,0.0,0.0,0.0,0.0,0.0,0.0,0.0,0.0,0.0
7B,ocr_text_recognition_grounded,multimodal_connector_or_merger,0.017849414271899712,mid,64,0.0,0.0,0.0,0.0,0.0,0.0,1.0,0.0,0.0,0.0,0.0,0.0,0.0,0.0,0.0,0.0
7B,relational_reasoning,multimodal_connector_or_merger,0.017849414271899712,mid,64,-0.027812500000000025,-0.040000000000000036,0.01565933727045945,-0.06000000000000005,0.020000000000000018,0.03125,0.109375,0.03125,0.0,0.0006250000000000006,0.028437500000000025,-0.040000000000000036,-0.040000000000000036,-0.020000000000000018,-0.005999999999999948,0.0
7B,fine_grained_recognition,multimodal_connector_or_merger,0.017849414271899712,mid,64,0.0,0.0,0.0,0.0,0.0,0.0,1.0,0.0,0.0,0.0,0.0,0.0,0.0,0.0,0.0,0.0
7B,visual_grounding,multimodal_connector_or_merger,0.07139765708759885,transition,64,0.00875000000000001,0.0,0.011659223816361025,-0.019999999999999907,0.040000000000000036,0.421875,0.984375,0.421875,0.0,0.009062500000000008,0.00031249999999999854,0.0,0.0,0.020000000000000018,0.020000000000000018,0.020000000000000018
7B,counting,multimodal_connector_or_merger,0.07139765708759885,transition,64,-0.004374999999999983,0.0,0.009662265521087659,-0.039999999999999925,0.0,0.0,0.8125,0.0,0.0,0.0,0.004374999999999983,0.0,0.0,0.0,0.0,0.0
7B,spatial_reasoning,multimodal_connector_or_merger,0.07139765708759885,transition,64,0.0,0.0,0.0,0.0,0.0,0.0,1.0,0.0,0.0,0.0,0.0,0.0,0.0,0.0,0.0,0.0
7B,ocr_text_recognition_grounded,multimodal_connector_or_merger,0.07139765708759885,transition,64,0.0,0.0,0.0,0.0,0.0,0.0,1.0,0.0,0.0,0.0,0.0,0.0,0.0,0.0,0.0,0.0
7B,relational_reasoning,multimodal_connector_or_merger,0.07139765708759885,transition,64,-0.02156250000000002,-0.020000000000000018,0.015126420387851199,-0.040000000000000036,0.020000000000000018,0.015625,0.21875,0.015625,0.0,0.0003125000000000003,0.02187500000000002,-0.040000000000000036,-0.020000000000000018,-0.020000000000000018,0.0,0.0
7B,fine_grained_recognition,multimodal_connector_or_merger,0.07139765708759885,transition,64,0.0003124999999999994,0.0,0.002480391854123049,0.0,0.019999999999999962,0.015625,1.0,0.0,0.0,0.0003124999999999994,0.0,0.0,0.0,0.0,0.0,0.0
7B,visual_grounding,language,0.0035698828543799426,small,64,0.008437500000000007,0.0,0.01107061848994898,0.0,0.040000000000000036,0.390625,1.0,0.390625,0.0,0.008437500000000007,0.0,0.0,0.0,0.020000000000000018,0.020000000000000018,0.020000000000000018
7B,counting,language,0.0035698828543799426,small,64,-0.00468749999999998,0.0,0.009180269263480203,-0.039999999999999925,0.0,0.0,0.78125,0.0,0.0,0.0,0.00468749999999998,0.0,0.0,0.0,0.0,0.0
7B,spatial_reasoning,language,0.0035698828543799426,small,64,0.0,0.0,0.0,0.0,0.0,0.0,1.0,0.0,0.0,0.0,0.0,0.0,0.0,0.0,0.0,0.0
7B,ocr_text_recognition_grounded,language,0.0035698828543799426,small,64,0.0,0.0,0.0,0.0,0.0,0.0,1.0,0.0,0.0,0.0,0.0,0.0,0.0,0.0,0.0,0.0
7B,relational_reasoning,language,0.0035698828543799426,small,64,-0.020000000000000018,-0.020000000000000018,0.015000000000000013,-0.06000000000000005,0.0,0.0,0.265625,0.0,0.0,0.0,0.020000000000000018,-0.025000000000000022,-0.020000000000000018,0.0,0.0,0.0
7B,fine_grained_recognition,language,0.0035698828543799426,small,64,0.0,0.0,0.0,0.0,0.0,0.0,1.0,0.0,0.0,0.0,0.0,0.0,0.0,0.0,0.0,0.0
7B,visual_grounding,language,0.017849414271899712,mid,64,0.021875000000000023,0.020000000000000018,0.018275239396516815,-0.019999999999999907,0.06000000000000005,0.71875,0.96875,0.71875,0.03125,0.02250000000000002,0.0006249999999999971,0.0,0.020000000000000018,0.040000000000000036,0.040000000000000036,0.040000000000000036
7B,counting,language,0.017849414271899712,mid,64,-0.033124999999999925,-0.029999999999999916,0.018781224001645905,-0.07999999999999996,0.0,0.0,0.0625,0.0,0.0,0.0,0.033124999999999925,-0.039999999999999925,-0.029999999999999916,-0.019999999999999907,-0.019999999999999907,-0.0030000000000001
7B,spatial_reasoning,language,0.017849414271899712,mid,64,0.0050000000000000044,0.0,0.009354143466934861,-0.020000000000000018,0.020000000000000018,0.265625,0.984375,0.265625,0.0,0.005312500000000005,0.0003125000000000003,0.0,0.0,0.020000000000000018,0.020000000000000018,0.020000000000000018
7B,ocr_text_recognition_grounded,language,0.017849414271899712,mid,64,-0.005343750000000008,0.0,0.010271652054927685,-0.02200000000000002,0.020000000000000018,0.0625,0.6875,0.03125,0.0,0.0006874999999999971,0.006031250000000005,-0.020000000000000018,0.0,0.0,0.0,0.0016999999999998958
7B,relational_reasoning,language,0.017849414271899712,mid,64,-0.0009375000000000112,0.0,0.025107192072193182,-0.06000000000000005,0.05999999999999994,0.328125,0.625,0.328125,0.03125,0.009062499999999998,0.010000000000000009,-0.020000000000000018,0.0,0.020000000000000018,0.020000000000000018,0.039999999999999925
7B,fine_grained_recognition,language,0.017849414271899712,mid,64,-0.0006250000000000101,0.0,0.012231491119238075,-0.020000000000000018,0.019999999999999962,0.171875,0.796875,0.0,0.0,0.0034374999999999935,0.004062500000000004,0.0,0.0,0.0,0.019999999999999962,0.019999999999999962
7B,visual_grounding,language,0.07139765708759885,transition,64,0.02687500000000003,0.030000000000000027,0.023774658252012797,-0.019999999999999907,0.08000000000000007,0.75,0.921875,0.75,0.15625,0.028437500000000025,0.0015624999999999927,0.015000000000000013,0.030000000000000027,0.040000000000000036,0.06000000000000005,0.06000000000000005
7B,counting,language,0.07139765708759885,transition,64,-0.06624999999999995,-0.05999999999999994,0.030796712486887316,-0.15999999999999992,0.0,0.0,0.015625,0.0,0.0,0.0,0.06624999999999995,-0.08499999999999996,-0.05999999999999994,-0.039999999999999925,-0.025999999999999857,-0.019999999999999907
7B,spatial_reasoning,language,0.07139765708759885,transition,64,-0.013749999999999984,0.0,0.037562448003291796,-0.12,0.040000000000000036,0.3125,0.515625,0.3125,0.0,0.007812500000000007,0.02156249999999999,-0.024999999999999994,0.0,0.020000000000000018,0.020000000000000018,0.040000000000000036
7B,ocr_text_recognition_grounded,language,0.07139765708759885,transition,64,-0.013562500000000033,-0.015000000000000013,0.02143148603690373,-0.06999999999999995,0.025999999999999912,0.265625,0.375,0.09375,0.0,0.003156249999999982,0.016718750000000015,-0.026000000000000023,-0.015000000000000013,0.0019999999999998908,0.01420000000000003,0.02199999999999991
7B,relational_reasoning,language,0.07139765708759885,transition,64,-0.006562500000000025,0.0,0.0469114441661094,-0.10000000000000003,0.09999999999999998,0.390625,0.5625,0.390625,0.09375,0.01562499999999999,0.022187500000000013,-0.040000000000000036,0.0,0.020000000000000018,0.039999999999999925,0.07699999999999985
7B,fine_grained_recognition,language,0.07139765708759885,transition,64,0.004999999999999979,0.0,0.0304138126514911,-0.06,0.08000000000000002,0.484375,0.703125,0.21875,0.03125,0.014999999999999986,0.010000000000000007,-0.020000000000000018,0.0,0.019999999999999962,0.03999999999999998,0.03999999999999998
