candidate_id,role,gain_H
25a60f0b59f103ebf782a31f94bb569d897a652a0bc1bd95c5cdc5521418b843,winner,2.666666666666667
ff40caff9436adbf9bd38cd8dd2a07eed72cc198918166d6ec73cd19617b2ff6,control,0.33333333333332993
32bb440488a8db4af8fa4d2a61dfe7bfd261bdda4eb535697bb6b415c89cbf91,control,-4.0000000000000036
78939b3e8c00d89b251a9c8bdf678cedf9846c23dd9e6748d1e989492879f6be,control,-0.6666666666666654
189c51c39f588fbd160b8480724b86ba5a944b4d96867281ff9fc4db3580503a,control,0.8333333333333304
00220e5e79806ebac37a1d0ec1aede12e32ca2b8b858e9aa18af8e7effcd6e59,control,-1.6666666666666663
60e9285be43c5493273cde4ab4118141ef908d8cbf0bda3298c41b4d18948685,control,-1.3333333333333364
e6d66aa7a34d586ccb98376c438a2431c2d6365c0d0b2ac8222af5d980a44800,control,-1.5000000000000013
69a1231af5fc3f55054f1c14b1a7313be0d0b67e0ff876b205be63a03e091d42,control,-1.6666666666666663
4946ca683e3b87304f8eb7b91da450d6fd9743c7b4f713232c6f82c1e821388b,control,1.1666666666666659
006b05b9f140fe50bcbb56d7b1b550f30c4ff73608ec2abd2c32b8dc738b3e52,control,-0.16666666666667052
8b99cc78d3cb5224793576097671ee3e7b24a24fb6d06417ba2121ba86390aaa,control,0.5000000000000004
fc74416b6d2e94ad0bd9ba32e6bdd399df2e9fdc69be0571dc6581f6a4df316a,control,-2.3333333333333375
f6856a3437439e58b35ad8fedba5c2f1cabd89bb5550dc0db11d0fd01247215d,top50,2.166666666666667
ab90b43f348253a578dcb95935f52c00eb11253a5d50f45fb540cf45626d0620,top50,1.9999999999999962
b0c85cd73e6d1fe8fbfd14bf276c57695a3409011a85c9a8d204f6c1c430be27,top50,-1.6666666666666663
4b7c80b9ade5a1ed0263f9888b8816dd146e4aa50c6fa0f299697932f44f45bc,top50,0.6666666666666654
661a2f1f1c8be0f7325fe0b664192bfa46380843fe52b675bf11075e1c265699,top50,1.3333333333333308
adf172831755d5b68b20bd41481d7665e21425c51d614aae18c17d25d300847e,top50,0.5000000000000004
ef5ccd9e100038eaeca590bb86f90622b26afb602bebc9512c60f4a108b50adc,top50,1.0000000000000009
829d287f6589cb071898c9caffe0db86e5accfe00e840376ec20ae3824e0479f,top50,-0.16666666666667052
d57523a1ce45d74f69d618053a3cb8d0526b46e2798dba5cbb96086599cb54ea,top50,-0.3333333333333355
18e38dc4225a11e2a43c1a7abd32ddeea5ac0a0bcf35f6f5854fbf708e98f5ca,top50,1.6666666666666663
deb196fa84df5902012ba1aeef94e044a6ae8504a5512042cedeb4f67f599496,top50,0.5000000000000004
80ba14a4907027ac59c6501890494c79f3d0b332451b637a41a0a8a5d18c7d94,top50,1.0000000000000009
54eabf11f0ff8ce5bd00815f6625e45782a329579e500435eec1622edaff51d5,top50,-2.0000000000000018
4c2ad23e6f5cc539dc6f8b673e897324cf8f919afd327aa771bf1faf57de40e0,top50,1.1666666666666659
2a688dce9ee3f6910a66c8306e45a673347e6c2da97ca4f612e37eadc34f421f,top50,1.8333333333333313
a3243ce7707a2a3682e9edb42f661751af7593e49dee8391462be0e0e7feca5b,top50,1.3333333333333308
76fd1e2470419b464aa575afb0710800da330763a86d4deb65102df4412cfb61,top50,0.6666666666666654
cc58c5b4617585a020ea06fe6510a37fa06eb2ed3d0b9ce633f7637d616a5dd8,top50,1.0000000000000009
de9daf9ee915437bd004be5fcce930a347d25154784b4fa1312ac59f76b0176f,top50,-0.6666666666666654
55e981e2bf9e4babb697888bcfb78feb6518239214846cd29621319987c40fc7,top50,0.16666666666666496
81bb5add189c3549a0224b682e1abd1917b968a50d713bb5c40e8599aa801434,top50,0.8333333333333304
b93b3e639207b61066839c0c4c5d4b187f3648ac0893403e393788147d3cf641,top50,0.33333333333332993
4b140db906b35c085c2a787ae9894329d4678070f3c1bdea833e4187d79ac3f4,top50,-2.0000000000000018
97b28df35b811f0a5dba92060bfa9d60f1cc23fb3123298c2b14a461bea2df00,top50,-1.0000000000000009
ef890410cb6a191637158f8aece1145732c85167a996d9157caeb6326bdef12c,top50,-1.0000000000000009
b06a070dcc167282e3d835c56d7575a4b8281f505a5580296614dac431c242ae,top50,-1.1666666666666659
9b314dbaab24207ccb63b6994337f27fd505f1c0ef868166102def484737fe46,top50,1.1666666666666659
7eb551620d6f21780d612d9f8503a1d4a80875b53e64823498fb5a4b3e96361f,top50,0.16666666666666496
8df9aba1f6b623bbf8f5f441662a1131d8035a2b2969bf2c976daaee26931820,top50,1.0000000000000009
01bbababb4f283c44d083eb7bca75c14925e3eba22cf66abf454e99c61cbab3f,top50,-1.5000000000000013
e41deb47a3347c404ac831f91d056350f4efae14a9311a1292ec77894c8497a8,top50,0.16666666666666496
46c856b84fea95a503af31a7cec2c88f97edbcc6a119792fce08e67a415c56fd,top50,-0.3333333333333355
f5ddfea6676b39c604d6350dc2ca259859ae304610752b79b55536309319e7db,top50,-0.8333333333333359
2930262d8b064897fb218c774362a9dd8cfc1a995f22ed040fa75e5983e05edd,top50,-0.16666666666667052
3623de8435d5dca0af10a2f282256df3ad2ee16357fc6d99799f9ad920bfb2fb,top50,0.0
fb36a34fa770c8296e02ddda44e75e781d898c3d967c4633163d887c73a0e52c,top50,-0.3333333333333355
22a7ea37d049fb3796d1d62374d85880b5088534ee983f628589c0cb8e859d91,top50,0.33333333333332993
4e30a3bcc17e9edc303ed428dbfe87c15a0954355aafdbc1a75b57288f536f94,top50,0.5000000000000004
093e6cb7dc80f6e32b4ed838f8687ccde8f6fb62a0e958c2f23a525672bea722,top50,1.1666666666666659
f686a886b7f72c7d003d6a650ffd17acce3c4aa805af76248dd3d1e642265184,top50,0.5000000000000004
a3a9766514890add553eb639947da5ae68bd92450572e8ba728a23d86c0aea11,top50,2.166666666666667
971fb9ab8ffe5a41ebb7393ce6f2735aa9ef9224dfc0eb3f76f24e796a432935,top50,0.33333333333332993
52212ca5358e89dbf43e9391c99ff6f5d190daee36555884fbdec50c2a05d34b,top50,-1.6666666666666663
76cef14153e1d850214cd9285b883b193d95539ff95708c26223e2a60f833198,top50,0.33333333333332993
01e198406346f9f78930fbd29c2959ed3cd3cef17ee66e06e347b462697f46b2,top50,0.6666666666666654
974d9211be6247450a6f495fb68d07d87a9447054c0e477af8b7ae30a4f4e56e,top50,-1.1666666666666659
