split,instance_id,image_id,image_sha256,subtask,options,correct_option,raw_base_output,parsed_base_option,base_correct,raw_candidate_output,parsed_candidate_option,candidate_correct,transition,orig_scorer_base_correct,orig_scorer_candidate_correct,prompt_hash_equal,question_template,image_numeric_id,image_id_bin
search,train:1005_1,1005.png,53ea3368641889366dcaa1318e42be82b16ccc6b08cbfc2f7bb98ce8ee3a4d2a,Egocentric,"[""left"", ""front-left"", ""right"", ""back-left""]",C,A,A,False,A,A,False,both_wrong,False,False,True,from the perspective of the,1005,1000-1099
search,train:1007_2,1007.png,9b69b261d7aa99cdf2db10c91f13530a6620b94b69f6a1cb02bca5ad4c41b2ea,Egocentric,"[""right"", ""front"", ""left"", ""back-right""]",C,B,B,False,B,B,False,both_wrong,False,False,True,imagine you re the woman,1007,1000-1099
search,train:1008_2,1008.png,97fb0fcedb5f6d45b16a39a844da2e39fe7197339002125ede36fd66cd88644c,Egocentric,"[""front-right"", ""front-left"", ""back-left"", ""left""]",A,A,A,True,A,A,True,both_correct,True,True,True,imagine you re the boy,1008,1000-1099
search,train:1013_1,1013.png,31f34cef341ba5713a6f7ac4aa1ac7d22d965a78c9826ee6f295f8f7cb0b0fa9,Egocentric,"[""back"", ""back-right"", ""front"", ""right""]",C,D,D,False,D,D,False,both_wrong,False,False,True,from the perspective of the,1013,1000-1099
search,train:1028_0,1028.png,429177cfb81dcb78f22fa1937b826a0a4f4a0aab338a2c11e71c9c78011bfe95,Allocentric,"[""front-right"", ""back-right"", ""back"", ""left""]",D,A,A,False,A,A,False,both_wrong,False,False,True,taking the camera lens as,1028,1000-1099
search,train:1033_2,1033.png,13db6bf76fa907d619152648f16609d3de38ac0f7514fcb40ecd85460dc61815,Egocentric,"[""left"", ""front"", ""back-right"", ""back""]",B,B,B,True,B,B,True,both_correct,True,True,True,as the boy in the,1033,1000-1099
search,train:1037_2,1037.png,4f779c891aea3b759f1c5a6f1378ac0603077c55f2a92733eee78f1ad0b78151,Egocentric,"[""front-right"", ""back-left"", ""back-right"", ""front-left""]",D,D,D,True,D,D,True,both_correct,True,True,True,imagine you re the man,1037,1000-1099
search,train:1042_1,1042.png,eb4549f607caa28dc690a60d35726bc932324f3919299bc4809b5f0be84d6ea2,Egocentric,"[""front"", ""left"", ""back-right"", ""back-left""]",A,B,B,False,B,B,False,both_wrong,False,False,True,from the perspective of the,1042,1000-1099
search,train:1044_1,1044.png,704e5bc914a6fc3c99a77cd894e02b4dcbfab78199a9621623cd7de46e1b925c,Egocentric,"[""left"", ""right"", ""can not determine"", ""can not determine""]",B,B,B,True,B,B,True,both_correct,True,True,True,which hand is the boy,1044,1000-1099
search,train:1047_1,1047.png,d73f248e551e32e9927c1834be5687e4eeb3f51abe1f3f767a5e2d9aa2df07bb,Egocentric,"[""left"", ""back-right"", ""front"", ""right""]",A,D,D,False,D,D,False,both_wrong,False,False,True,from the perspective of this,1047,1000-1099
search,train:1049_1,1049.png,962e69cb78d93769c64dbbd9174b437824c0ffe84776c250b75d03091e768303,Egocentric,"[""back-left"", ""front"", ""right"", ""back""]",B,C,C,False,C,C,False,both_wrong,False,False,True,from this girl s perspective,1049,1000-1099
search,train:1065_0,1065.png,da251f9fde3ad1bfa7987651f7722af07aa577848774ca545c334fc4af49fb8b,Allocentric,"[""left"", ""right"", ""back-left"", ""front""]",B,B,B,True,B,B,True,both_correct,True,True,True,taking the camera s viewpoint,1065,1000-1099
search,train:1077_0,1077.png,20d5bc2ffd3db2d2112b9951b1a7c2a61e59a15fee66f29d90fa4e0133cd967f,Allocentric,"[""front-right"", ""left"", ""front"", ""back-right""]",B,C,C,False,C,C,False,both_wrong,False,False,True,considering the camera s perspective,1077,1000-1099
search,train:1079_0,1079.png,f333fa78d2ac72ccede754d0e3de55927dd0f545d3bf28897e80f64155e1a3f1,Allocentric,"[""front-left"", ""front"", ""right"", ""left""]",C,C,C,True,C,C,True,both_correct,True,True,True,taking the camera lens as,1079,1000-1099
search,train:1087_2,1087.png,a805ce47cbe5677ec898c9da55942daa94f1a13ac9182584221910ecebe962a8,Egocentric,"[""back-left"", ""right"", ""back"", ""front""]",D,D,D,True,D,D,True,both_correct,True,True,True,suppose you are in the,1087,1000-1099
search,train:1092_1,1092.png,70777fd7d281f1610567eb3e35b278ce31f6b5fbb881c87eb06132494ef4a604,Egocentric,"[""left"", ""right"", ""can not determine"", ""can not determine""]",B,B,B,True,B,B,True,both_correct,True,True,True,which hand is the woman,1092,1000-1099
search,train:1094_2,1094.png,42999058439ec6276ca23590b1ba1ed2f36db539d488a98efe97247a67bf197c,Egocentric,"[""front"", ""back-left"", ""back"", ""back-right""]",A,A,A,True,A,A,True,both_correct,True,True,True,imagine you re the man,1094,1000-1099
search,train:1109_1,1109.png,b5f0ba31eb4630626a9227085f4016caae17472832096513cc9b73e40b6d03cf,Egocentric,"[""left"", ""back-left"", ""back"", ""front""]",D,D,D,True,D,D,True,both_correct,True,True,True,from the perspective of the,1109,1100-1199
search,train:1114_1,1114.png,736e2da9c570a43a502fb2a46799a98069be3a393351cef8c233bd06c4b4e99a,Egocentric,"[""front"", ""right"", ""left"", ""back-left""]",A,C,C,False,C,C,False,both_wrong,False,False,True,from the perspective of the,1114,1100-1199
search,train:1117_0,1117.png,aa178b012af0bcdc06ff7abdc1c47fb65950fe23eabc7794cd0e6dd9711dffb0,Allocentric,"[""back"", ""front-left"", ""front"", ""front-right""]",A,C,C,False,C,C,False,both_wrong,False,False,True,considering the camera s perspective,1117,1100-1199
search,train:1121_1,1121.png,4f04856c69a88265e4428d27c43eb5754efa64fcfc1c0d3a173fc23e26c6c9d2,Egocentric,"[""front-left"", ""front-right"", ""back-right"", ""back-left""]",B,D,D,False,D,D,False,both_wrong,False,False,True,from the perspective of the,1121,1100-1199
search,train:1125_1,1125.png,1c7c1f2206959e4bfece2beef7cb65742b043eeb885d100b05530792255e9ac7,Egocentric,"[""left"", ""right"", ""can not determine"", ""can not determine""]",A,B,B,False,B,B,False,both_wrong,False,False,True,which hand is the man,1125,1100-1199
search,train:1127_2,1127.png,7974e0ac65b1efbab690e355f4d0e8c83c102abc688d7627aafc872112bf8532,Egocentric,"[""back"", ""front"", ""back-right"", ""left""]",B,B,B,True,B,B,True,both_correct,True,True,True,suppose you are in the,1127,1100-1199
search,train:1145_0,1145.png,d45aa89f4a52a767d8a08c96521c639952e99b2a1a82af235b486148658e793b,Allocentric,"[""back-left"", ""back"", ""right"", ""left""]",C,C,C,True,C,C,True,both_correct,True,True,True,taking the camera lens as,1145,1100-1199
search,train:1147_2,1147.png,8f67b6e8ef72aa63c49d5730620f2ac79972de89ee164986012d3c8c68210a91,Egocentric,"[""back"", ""right"", ""left"", ""front""]",D,C,C,False,D,D,True,base_wrong->cand_correct,False,True,True,suppose you are in the,1147,1100-1199
search,train:115_0,115.png,efc8eb3df3bd4cbfd55db1bb222ad99cb2905263c5c769e08e973f4f40ea0fde,Hypothetical,"[""back-right"", ""back-left"", ""front-left"", ""right""]",C,B,B,False,B,B,False,both_wrong,False,False,True,standing at window gazing at,115,0100-0199
search,train:1163_0,1163.png,7a8ea23aea5e3513715f8926609561c85f6acb237ebb93ae2baaa1af36a9b7eb,Allocentric,"[""back-left"", ""front"", ""front-left"", ""front-right""]",A,C,C,False,C,C,False,both_wrong,False,False,True,taking the camera lens as,1163,1100-1199
search,train:1165_1,1165.png,7dccbc1e37705092eed6c7ea4f0e58f945abd2a561eca716646fac066357553e,Egocentric,"[""left"", ""right"", ""can not determine"", ""can not determine""]",B,B,B,True,B,B,True,both_correct,True,True,True,which hand does the woman,1165,1100-1199
search,train:1166_0,1166.png,0ce23bd22c3d74c03fa602be596450c0856d6eb661c582ed72fda6ec12156d7c,Allocentric,"[""front-left"", ""right"", ""left"", ""front""]",B,C,C,False,C,C,False,both_wrong,False,False,True,taking the camera lens as,1166,1100-1199
search,train:1170_1,1170.png,d04db9c4aa86fb0538d32b10b9dbb65f39698024ecc0f6e812d8798564b64387,Egocentric,"[""front"", ""right"", ""back"", ""back-left""]",A,B,B,False,B,B,False,both_wrong,False,False,True,as the bird in the,1170,1100-1199
search,train:1182_1,1182.png,349fb4b13cbb1186236280ff62c4d13ac1d48b1f2a0e160f5f8bb130adae3512,Egocentric,"[""front"", ""right"", ""back-left"", ""back-right""]",A,A,A,True,A,A,True,both_correct,True,True,True,from this woman s perspective,1182,1100-1199
search,train:1190_0,1190.png,f4897fe0c7375c0b6ed67a33d5ceddaf22e53d43e14c2fc625b9079d861aaa5a,Allocentric,"[""front-left"", ""back"", ""front-right"", ""right""]",B,C,C,False,A,A,False,both_wrong,False,False,True,taking the camera lens as,1190,1100-1199
search,train:1194_1,1194.png,3f782e291e61cc713ebc613cd4e845487eb5f62be218d20d0ce7a749abd724ae,Egocentric,"[""back-left"", ""right"", ""front"", ""back-right""]",C,B,B,False,C,C,True,base_wrong->cand_correct,False,True,True,suppose you are in the,1194,1100-1199
search,train:1197_1,1197.png,190bd9531816ef0dc66dccf0a97d5cec749fa140af11003f547798bbb92e2be2,Egocentric,"[""back-right"", ""right"", ""front-left"", ""back-left""]",D,B,B,False,B,B,False,both_wrong,False,False,True,from the perspective of this,1197,1100-1199
search,train:1201_1,1201.png,deb750841ef98c4847b0a9330210cf4e609a0aed76edd0affa5f3df6b7946788,Egocentric,"[""front-right"", ""back-left"", ""front-left"", ""left""]",A,D,D,False,B,B,False,both_wrong,False,False,True,from the perspective of this,1201,1200-1299
search,train:1202_1,1202.png,c8d72967ee3cb2c90e6edf34e725a557ea34052b5bda895a900f0e90e2eae7cb,Egocentric,"[""front-left"", ""back-left"", ""back"", ""front-right""]",D,C,C,False,C,C,False,both_wrong,False,False,True,picture yourself as the woman,1202,1200-1299
search,train:1212_1,1212.png,ff11a6d1cbee7165461ad8ccb535d687413400d09a818e209820be7a3b415f7a,Egocentric,"[""back"", ""front"", ""left"", ""front-right""]",C,C,C,True,D,D,False,base_correct->cand_wrong,True,False,True,from the perspective of the,1212,1200-1299
search,train:1215_1,1215.png,b5a32af5735f1a2b7438e61eb5f1033edd4011a51ae35c47ae13b2397bb3d710,Egocentric,"[""left"", ""right"", ""can not determine"", ""can not determine""]",A,B,B,False,B,B,False,both_wrong,False,False,True,which hand does the man,1215,1200-1299
search,train:1216_0,1216.png,d131853974ba89fcfa9e2ef004c380dfd8311392a376d6597ff63cc2858e1daa,Allocentric,"[""front"", ""right"", ""front-left"", ""back-left""]",B,B,B,True,B,B,True,both_correct,True,True,True,taking the camera s viewpoint,1216,1200-1299
search,train:1222_1,1222.png,e0f949fea3aaf710d8ba3d7bc28a4e3bed535a251c6bc0d2c21cdaa83758a566,Egocentric,"[""front-right"", ""back-right"", ""back"", ""front-left""]",A,D,D,False,D,D,False,both_wrong,False,False,True,from the perspective of the,1222,1200-1299
search,train:1234_1,1234.png,3626167b77e68fe23caab0b6e7e31a6fcd018cbfa71edb09834a0c5b48a9b3d8,Egocentric,"[""right"", ""front-right"", ""back-right"", ""left""]",D,A,A,False,A,A,False,both_wrong,False,False,True,as the cat in the,1234,1200-1299
search,train:1235_0,1235.png,1dbea71558175a8777f4e34efd5ecf898df5139183806cad4fbe1f5a2c027723,Allocentric,"[""left"", ""back"", ""right"", ""back-right""]",A,A,A,True,A,A,True,both_correct,True,True,True,with the camera s viewpoint,1235,1200-1299
search,train:1236_2,1236.png,be73528470a3e1125be24609c80901d5d51365dc6bf3f10be75651220d7fb08c,Egocentric,"[""front"", ""left"", ""back-right"", ""back-left""]",A,B,B,False,A,A,True,base_wrong->cand_correct,False,True,True,as the boy in the,1236,1200-1299
search,train:123_0,123.png,04d7323053a172170d3fde2a5d8ee8b504b206622f852509b8e3125f2f097276,Hypothetical,"[""left"", ""right"", ""back"", ""back-right""]",A,A,A,True,A,A,True,both_correct,True,True,True,standing at sofa gazing at,123,0100-0199
search,train:1240_0,1240.png,d7ce4dcc5914de6cb02216952305da1cf7a1516a9480ab98e70aa7f514c5af33,Allocentric,"[""back"", ""back-right"", ""left"", ""front""]",C,C,C,True,C,C,True,both_correct,True,True,True,with the camera s viewpoint,1240,1200-1299
search,train:1272_0,1272.png,0c4b1f8535bce0e32a8ce6f770ae756b5899c3bd4f2a3a22e3132881b94c224a,Egocentric,"[""left"", ""right"", ""can not determine"", ""can not determine""]",B,B,B,True,B,B,True,both_correct,True,True,True,which hand is the woman,1272,1200-1299
search,train:1276_0,1276.png,339acb269a750517f7bdf2e1e70fc0f0128db4d9219fa2ad78e0b89dea7917a2,Egocentric,"[""back-right"", ""back"", ""front"", ""right""]",C,C,C,True,C,C,True,both_correct,True,True,True,from this man s perspective,1276,1200-1299
search,train:1283_0,1283.png,53108c8076370a25701eaf7bb47292f0d8101f37ef797bef08ccfe1014dcad40,Egocentric,"[""left"", ""right"", ""can not determine"", ""can not determine""]",B,A,A,False,A,A,False,both_wrong,False,False,True,which hand does the man,1283,1200-1299
search,train:1286_0,1286.png,8e4cc328c137153be37c863d12e6dd6f8bf0ea9bbb516ec3e955fffd5f7cb384,Egocentric,"[""right"", ""left"", ""front"", ""back-right""]",C,A,A,False,A,A,False,both_wrong,False,False,True,from the perspective of the,1286,1200-1299
search,train:1299_0,1299.png,03dd057253a60f1690e61c22ffb627fdd9e1cee6fab47d67461640a920ff30c4,Egocentric,"[""right"", ""left"", ""back-left"", ""back""]",A,B,B,False,B,B,False,both_wrong,False,False,True,from the perspective of the,1299,1200-1299
search,train:131_0,131.png,fe1cecba958c8e8fde1ccfdb3061850b39f78feb7ef9b19e1b54416d4683e55c,Hypothetical,"[""right"", ""back-left"", ""back-right"", ""front-left""]",D,A,A,False,A,A,False,both_wrong,False,False,True,imagine standing at window looking,131,0100-0199
search,train:135_0,135.png,68c9592b29a7253850cb0f3ebba5aabb4d1a1abca9332c958186a1b552259f69,Hypothetical,"[""back-right"", ""left"", ""front"", ""back""]",C,C,C,True,C,C,True,both_correct,True,True,True,imagine standing at refrigerator looking,135,0100-0199
search,train:137_0,137.png,ef201c0b317ddefddcb6ce27437fe6f90a483df94de5b1da8cc028e057b55509,Hypothetical,"[""right"", ""front"", ""back-left"", ""left""]",A,D,D,False,D,D,False,both_wrong,False,False,True,standing at window gazing at,137,0100-0199
search,train:167_0,167.png,8de9ebe32904bb9c5f4dbc7c4a8bb59b41de62e80cd9c95fd2c88bf43868d3cf,Hypothetical,"[""left"", ""back-right"", ""front"", ""back-left""]",C,A,A,False,A,A,False,both_wrong,False,False,True,imagine standing at box looking,167,0100-0199
search,train:187_0,187.png,ad7d8a34400978959c992452022348c7de1e885e699e992f68750a6047f3e18a,Hypothetical,"[""back-right"", ""left"", ""front"", ""right""]",C,B,B,False,D,D,False,both_wrong,False,False,True,when positioned at window facing,187,0100-0199
search,train:202_0,202.png,d94eb2fa00e714a0e854d9eec4300dacd004aac2deb9e4824d9f554bdc69fe46,Hypothetical,"[""right"", ""back-left"", ""back-right"", ""front""]",D,B,B,False,B,B,False,both_wrong,False,False,True,imagine standing at bed looking,202,0200-0299
search,train:208_0,208.png,2a77ac05a96ff90cefb4a80d3ab7fc440bff090415ca6194c883d35c9588b001,Hypothetical,"[""back-left"", ""front"", ""right"", ""back""]",B,C,C,False,C,C,False,both_wrong,False,False,True,when positioned at bookshelf facing,208,0200-0299
search,train:222_0,222.png,3c2392e314c881c20204c113935d944dc83a68bc2f80b22c59dd91000e3e37f0,Hypothetical,"[""front-right"", ""back-left"", ""back-right"", ""front-left""]",D,B,B,False,B,B,False,both_wrong,False,False,True,imagine standing at television looking,222,0200-0299
search,train:239_0,239.png,f8bef8251a4c052c95b1d8108c42f667f9866d1d6a67a938a2b22f62f318caec,Hypothetical,"[""back-right"", ""front-right"", ""left"", ""front""]",A,C,C,False,C,C,False,both_wrong,False,False,True,standing at toilet gazing at,239,0200-0299
search,train:248_1,248.png,652534f2bbc2ea5de09d97cb43602293847f828ae1973fb2374bb8e2f8968c46,Egocentric,"[""back"", ""front-left"", ""left"", ""front-right""]",A,A,A,True,A,A,True,both_correct,True,True,True,from the perspective of the,248,0200-0299
search,train:258_2,258.png,e8796e8c606c9da9120ddae2dfc9f4f5d9aa65318cb570b8783e9d4fc1e9f2d2,Egocentric,"[""front"", ""back"", ""left"", ""back-right""]",A,A,A,True,C,C,False,base_correct->cand_wrong,True,False,True,picture yourself as the man,258,0200-0299
search,train:263_0,263.png,db4a02d37c72d8b138b5cdce071ddd73099221a7e441de20b851a4cf2488a62c,Allocentric,"[""back-left"", ""back-right"", ""front-right"", ""front-left""]",B,B,B,True,B,B,True,both_correct,True,True,True,taking the camera s viewpoint,263,0200-0299
search,train:275_2,275.png,7d3de3648cb3869612f740a6e1b3aa39ed13af0f67d65abe17171839d281d29d,Egocentric,"[""front-left"", ""back-right"", ""front-right"", ""back-left""]",C,C,C,True,C,C,True,both_correct,True,True,True,as the man wearing black,275,0200-0299
search,train:286_1,286.png,bb8f5d9d39b034ae94785a34b0101a8d5d80aff760eda1cac59d06dcd8438f64,Egocentric,"[""back"", ""front-left"", ""back-left"", ""back-right""]",B,D,D,False,D,D,False,both_wrong,False,False,True,from the perspective of the,286,0200-0299
search,train:288_0,288.png,f96867dbbd4751732d1c2ec1d8bf31d378ab3dd29878171517bac8bd107a76f1,Allocentric,"[""back"", ""front-right"", ""front"", ""front-left""]",A,C,C,False,C,C,False,both_wrong,False,False,True,taking the camera lens as,288,0200-0299
search,train:291_0,291.png,4f8a926c95c16d36e0b411bd3677d28c7e65e69fe933b5388e9ea236fbd17683,Allocentric,"[""back"", ""front"", ""back-right"", ""left""]",D,D,D,True,D,D,True,both_correct,True,True,True,taking the camera lens as,291,0200-0299
search,train:302_0,302.png,5bfef6d96cb0fb733b9b7c5704109f4b0e5b0234169ef4853e4b06af65413354,Allocentric,"[""back-left"", ""front"", ""right"", ""back""]",B,D,D,False,D,D,False,both_wrong,False,False,True,with the camera s viewpoint,302,0300-0399
search,train:303_1,303.png,f0806f1776e4a6d33aa76c8607cb190e9b9def390d39a6bac576edf659f0b5be,Egocentric,"[""back-right"", ""front-left"", ""front"", ""back-left""]",D,A,A,False,D,D,True,base_wrong->cand_correct,False,True,True,from this man s perspective,303,0300-0399
search,train:304_0,304.png,b6d0ba21ebf3ade407cef7791dd6385051a8ebfc40bcf9147876739f82d27136,Allocentric,"[""front-left"", ""back-left"", ""left"", ""back-right""]",D,C,C,False,C,C,False,both_wrong,False,False,True,with the camera s viewpoint,304,0300-0399
search,train:309_0,309.png,cd666bba1918de1798d183390724421bbbd69e3aca5f0a2a83e8c6f5194fef70,Allocentric,"[""left"", ""right"", ""back"", ""front""]",A,D,D,False,D,D,False,both_wrong,False,False,True,with the camera s viewpoint,309,0300-0399
search,train:315_1,315.png,2e8586781053bc93ddae0ce91197d22be46b1543cd0582c24c101b638aec0897,Egocentric,"[""back"", ""left"", ""front"", ""right""]",B,D,D,False,D,D,False,both_wrong,False,False,True,from a woman s perspective,315,0300-0399
search,train:316_0,316.png,96ccf2ed8b73419c21de237d3284a45bff4d123f8799dcc2e33a7028376a34cb,Allocentric,"[""front-right"", ""back-right"", ""front-left"", ""back-left""]",D,C,C,False,C,C,False,both_wrong,False,False,True,with the camera s viewpoint,316,0300-0399
search,train:323_2,323.png,5aea1c2864ffc40ff75bf2c43d80f1bbe513c0c7f87af3a132e6e5fa760b9d5e,Egocentric,"[""back"", ""front-right"", ""right"", ""front-left""]",D,D,D,True,D,D,True,both_correct,True,True,True,imagine you re the man,323,0300-0399
search,train:325_1,325.png,76a6219dfd76e7b101f22fa6db8c8347622c30d32e920b50b1cb6793791264bc,Egocentric,"[""left"", ""back"", ""front"", ""right""]",D,B,B,False,B,B,False,both_wrong,False,False,True,from the perspective of the,325,0300-0399
search,train:331_2,331.png,0d3bca63281b494d260f8917bfea094a993faae25b144e6713fc58dae6b837c5,Egocentric,"[""back-left"", ""front-right"", ""left"", ""front-left""]",B,B,B,True,B,B,True,both_correct,True,True,True,suppose you are in the,331,0300-0399
search,train:340_1,340.png,e9cd843c05e903e1caa0369aaa97e75feb1cb659ad7abfa47ce95a161116010f,Egocentric,"[""back"", ""right"", ""front"", ""left""]",B,D,D,False,C,C,False,both_wrong,False,False,True,from the perspective of the,340,0300-0399
search,train:346_0,346.png,4a6fcbf75e39f6467503df863955a503903611eef843a7324b9d1a747923f806,Allocentric,"[""right"", ""back"", ""front-left"", ""front""]",B,A,A,False,A,A,False,both_wrong,False,False,True,taking the camera lens as,346,0300-0399
search,train:353_1,353.png,a4ac30107c8980540553bf6461c6f9393fdf7f64288bc7e4e8401cfcf4a3bd28,Egocentric,"[""front"", ""back-left"", ""back-right"", ""back""]",A,A,A,True,A,A,True,both_correct,True,True,True,suppose you are in the,353,0300-0399
search,train:360_0,360.png,8f6a5ffec05b7e5bb0cd9053858975450b7a0a4ee420215229ccd11b1cc0620a,Allocentric,"[""back-right"", ""left"", ""front-left"", ""front-right""]",A,B,B,False,B,B,False,both_wrong,False,False,True,taking the camera s viewpoint,360,0300-0399
search,train:366_1,366.png,50ceb1c77ace73271b485907d710eae32fd05b20115168180ef84419ef8ec931,Egocentric,"[""left"", ""back-left"", ""front"", ""right""]",C,A,A,False,A,A,False,both_wrong,False,False,True,as the girl in the,366,0300-0399
search,train:369_0,369.png,bf612fda4ce34a3786c7fbc95c9c93cbd39b8961a96f5a7e3c154e51bc3bb117,Allocentric,"[""right"", ""front-right"", ""left"", ""back""]",C,C,C,True,C,C,True,both_correct,True,True,True,considering the camera s perspective,369,0300-0399
search,train:376_1,376.png,f9132cd39b995e5f0a52d4386bcec7228fde8e90e3e8acc997776c1807ce16cb,Egocentric,"[""back"", ""front-right"", ""left"", ""front""]",C,B,B,False,B,B,False,both_wrong,False,False,True,from the perspective of a,376,0300-0399
search,train:387_1,387.png,21925e6d242b6685330d75aa30ba1238e779ef1b970cf4ec702a28914f8b0eb2,Egocentric,"[""left"", ""right"", ""can not determine"", ""can not determine""]",B,B,B,True,B,B,True,both_correct,True,True,True,which hand does this man,387,0300-0399
search,train:391_1,391.png,9bc3bb9af18e6d77edbb124ab6e0501ce3efeec0efcfd7b11b1f2b6ece776626,Egocentric,"[""back-left"", ""front-left"", ""back"", ""right""]",D,B,B,False,B,B,False,both_wrong,False,False,True,as the man in the,391,0300-0399
search,train:3_0,3.png,6577ad65ebb4dbbf5eaf5dea2b3e3ee652fad6d594e935e39f53d2488792513d,Hypothetical,"[""front"", ""left"", ""right"", ""back-right""]",B,B,B,True,B,B,True,both_correct,True,True,True,if you stand at door,3,0000-0099
search,train:402_0,402.png,ff313f27dbbce7ebfd2c16b897202ae94eee1888634de70c984e027b8f43c4dd,Allocentric,"[""front"", ""back-left"", ""front-left"", ""back-right""]",B,C,C,False,C,C,False,both_wrong,False,False,True,taking the camera s viewpoint,402,0400-0499
search,train:403_0,403.png,af2fcd8a2905fb34bf62dea0149236eb3ce11f806c44c0aa954e37af6dd44dde,Allocentric,"[""back-right"", ""left"", ""front-left"", ""front-right""]",A,C,C,False,C,C,False,both_wrong,False,False,True,taking the camera lens as,403,0400-0499
search,train:407_1,407.png,fd70a4a9949a4b9364e01a6188ace5c78dbb76d26a843400381781f0389f8abe,Egocentric,"[""right"", ""back-right"", ""front-left"", ""back-left""]",C,C,C,True,C,C,True,both_correct,True,True,True,imagine you re the woman,407,0400-0499
search,train:415_0,415.png,739a536937ee3c4c82510d5739f0491a81ea11cdeeb609a8db1461f0d50d4207,Allocentric,"[""back"", ""front-right"", ""right"", ""left""]",D,C,C,False,C,C,False,both_wrong,False,False,True,taking the camera lens as,415,0400-0499
search,train:419_0,419.png,1fd00b85b8de21bf6d92b2f66ea172f661c1ccadddaf9e3ddb68f711dbb5b51f,Allocentric,"[""front"", ""right"", ""front-left"", ""back-left""]",D,B,B,False,C,C,False,both_wrong,False,False,True,with the camera s viewpoint,419,0400-0499
search,train:438_0,438.png,c722a2270f6ebf64b8daa90bde47043281720a05dfaeafcc758a8da51c01323c,Allocentric,"[""left"", ""front"", ""back"", ""right""]",A,A,A,True,A,A,True,both_correct,True,True,True,with the camera s viewpoint,438,0400-0499
search,train:439_2,439.png,3121754636422ba9ff386cd1c9bfbbe7fbd97404a634037eb8874366eeab2f18,Egocentric,"[""back-left"", ""front-right"", ""front-left"", ""left""]",B,C,C,False,C,C,False,both_wrong,False,False,True,suppose you are in the,439,0400-0499
search,train:446_2,446.png,3b0b5d680c051e2e4a05763a8b508f0283debe15a293002f94392e9aa92120a7,Egocentric,"[""front"", ""back-right"", ""back"", ""back-left""]",A,B,B,False,A,A,True,base_wrong->cand_correct,False,True,True,suppose you are in the,446,0400-0499
search,train:450_2,450.png,013d70cd3c2ac075f64fddaba4f8f7305e999709948b326234d9887b8f04ac87,Egocentric,"[""back-left"", ""right"", ""front"", ""left""]",C,B,B,False,C,C,True,base_wrong->cand_correct,False,True,True,suppose you are in the,450,0400-0499
search,train:455_2,455.png,2cb62ff1be69513fa514660c66fc460b354d41ade0f02cbe553d0b831694a9b0,Egocentric,"[""back-right"", ""left"", ""front"", ""right""]",C,C,C,True,C,C,True,both_correct,True,True,True,imagine you re the man,455,0400-0499
search,train:468_0,468.png,1617307acb8d36807d91c874762dfeb27d4b77e5acc24bf9b3aacd985f0fde47,Allocentric,"[""back"", ""back-right"", ""left"", ""front""]",C,C,C,True,C,C,True,both_correct,True,True,True,with the camera s viewpoint,468,0400-0499
search,train:473_0,473.png,1aacdfed4d2cf61ef772d00e337bc4feb3fd51c9ad9ac380e7b608f91ef0b959,Allocentric,"[""right"", ""front-right"", ""back-right"", ""front-left""]",D,D,D,True,D,D,True,both_correct,True,True,True,taking the camera lens as,473,0400-0499
search,train:474_1,474.png,589b52cac84974ccf3203efa52d0b370698c83b465be7c09f69520475187a381,Egocentric,"[""front-left"", ""back-right"", ""right"", ""back-left""]",D,C,C,False,C,C,False,both_wrong,False,False,True,from a woman s perspective,474,0400-0499
search,train:475_1,475.png,7214c0a24ca91b3de140b34cc556283a9049bc9e0c420aa458412a1152a72281,Egocentric,"[""front-left"", ""back"", ""front"", ""front-right""]",B,D,D,False,D,D,False,both_wrong,False,False,True,from the perspective of the,475,0400-0499
search,train:480_1,480.png,bdea4c8007cda378c8f4c8a74778830986cbd636e60302b201f421a05a1086d4,Egocentric,"[""back"", ""back-right"", ""front-right"", ""left""]",D,B,B,False,B,B,False,both_wrong,False,False,True,from the perspective of this,480,0400-0499
search,train:485_1,485.png,e322a231f9ee22c8f41e570430d3bccedf6fd5c715eedfb2955688ff9f814c8f,Egocentric,"[""back"", ""front-left"", ""front-right"", ""front""]",A,B,B,False,B,B,False,both_wrong,False,False,True,from the perspective of the,485,0400-0499
search,train:489_0,489.png,411a8f1486f348535f95a34b602f5858ea969c42a1feb372ddb594ee93e7795c,Allocentric,"[""left"", ""front-left"", ""back"", ""front""]",C,D,D,False,D,D,False,both_wrong,False,False,True,considering the camera s perspective,489,0400-0499
search,train:492_1,492.png,a6bea48ca1d60470d559ebdd655c16c01e6492edc652e80d2e21d07e3da04460,Egocentric,"[""left"", ""back-left"", ""front-right"", ""front-left""]",C,B,B,False,A,A,False,both_wrong,False,False,True,from the perspective of the,492,0400-0499
search,train:498_2,498.png,60d7f9ae89d436fd92253a7fbcb56d1b7e2f9b5fba59b2a1f69a1cd266ce2c7c,Egocentric,"[""back-right"", ""front"", ""back"", ""left""]",B,B,B,True,B,B,True,both_correct,True,True,True,suppose you are in the,498,0400-0499
search,train:512_1,512.png,1728c99e71e9ac031deeb13d73da266d7a98bbfdf41a72f8bdc04b100391973f,Egocentric,"[""left"", ""right"", ""can not determine"", ""can not determine""]",B,B,B,True,B,B,True,both_correct,True,True,True,which hand does this boy,512,0500-0599
search,train:517_2,517.png,bd770cca44b46a80022fbe01f2bfaff4cec21925f059e941287b223c2ee8e05a,Egocentric,"[""back-right"", ""front"", ""left"", ""right""]",B,C,C,False,C,C,False,both_wrong,False,False,True,picture yourself as the woman,517,0500-0599
search,train:522_1,522.png,fd130e102944ae29ff422ce223a59a9419266950c3738dbe2d4b0d7ff00fe1d6,Egocentric,"[""back-right"", ""left"", ""front-right"", ""front-left""]",C,B,B,False,B,B,False,both_wrong,False,False,True,imagine you re the man,522,0500-0599
search,train:528_1,528.png,286674ffe7d5ef600c9ec85efdaa5c1686063b769ab407c5a16465b16bd7a28d,Egocentric,"[""back-right"", ""right"", ""front"", ""back-left""]",D,B,B,False,B,B,False,both_wrong,False,False,True,from the perspective of the,528,0500-0599
search,train:551_0,551.png,4a461955708b0f84a82debd7171f76ad4e2bc9e25a9c3eb9cd89a9989c8deab0,Allocentric,"[""front-right"", ""back-right"", ""back-left"", ""front""]",B,D,D,False,D,D,False,both_wrong,False,False,True,taking the camera s viewpoint,551,0500-0599
search,train:569_2,569.png,f60816a87af2e093be196d916f5907c42b852ccf0a462434affa486e6ad02468,Egocentric,"[""left"", ""front"", ""right"", ""back-right""]",B,A,A,False,A,A,False,both_wrong,False,False,True,picture yourself as the man,569,0500-0599
search,train:56_0,56.png,9669169ef630d783835733aee88ac378d24d840ab113fc04082d20b2d74c7d54,Hypothetical,"[""back"", ""front-left"", ""left"", ""right""]",D,D,D,True,D,D,True,both_correct,True,True,True,when positioned at bookshelf facing,56,0000-0099
search,train:571_0,571.png,3e24fc847222cc47c2b219c696f2cbb0e856063b27f11b35a8e291d17892a636,Allocentric,"[""back-left"", ""right"", ""front-right"", ""front""]",A,B,B,False,C,C,False,both_wrong,False,False,True,taking the camera lens as,571,0500-0599
search,train:574_1,574.png,a2dc673938e023347c3c44aecf807725c50a271d6d455bb509144156061d76a4,Egocentric,"[""back-left"", ""back-right"", ""left"", ""front-right""]",D,D,D,True,D,D,True,both_correct,True,True,True,suppose you are in the,574,0500-0599
search,train:576_0,576.png,3b581d3df99fdcc4e607fa26339afae61ea97653b291acd59992773c025481b4,Allocentric,"[""front-left"", ""back-right"", ""left"", ""front-right""]",B,C,C,False,C,C,False,both_wrong,False,False,True,taking the camera s viewpoint,576,0500-0599
search,train:590_2,590.png,cdc51e66561c8b915cdc2b336f314950e364e0736846b94d591a12538d51ca30,Egocentric,"[""back-right"", ""right"", ""front"", ""left""]",C,C,C,True,C,C,True,both_correct,True,True,True,as the baby in the,590,0500-0599
search,train:591_1,591.png,fbf6e12bd94f1f706676aa7b50521ed8d26007d133fad0c5479cc46845514d89,Egocentric,"[""right"", ""back-left"", ""front"", ""back-right""]",C,A,A,False,A,A,False,both_wrong,False,False,True,as the bird in the,591,0500-0599
search,train:595_0,595.png,47fcf5038f4563311faacf38b88a783699e8cf2619c9ab0fd16c475c0af5a5c4,Allocentric,"[""front-left"", ""back"", ""front"", ""front-right""]",B,C,C,False,C,C,False,both_wrong,False,False,True,with the camera s viewpoint,595,0500-0599
search,train:598_1,598.png,ba7723b7788b39cc352c948c653b5ea3b786d5642a07f1119fe360ed344eea11,Egocentric,"[""left"", ""right"", ""can not determine"", ""can not determine""]",A,B,B,False,B,B,False,both_wrong,False,False,True,which hand does this man,598,0500-0599
search,train:603_0,603.png,abefe23bb89dd4d83d90387d95ba35e09b403863ced24cef029a65ad59a59af3,Allocentric,"[""back-right"", ""right"", ""back-left"", ""front-right""]",C,B,B,False,B,B,False,both_wrong,False,False,True,considering the camera s perspective,603,0600-0699
search,train:619_0,619.png,526f9a40b15308588abbc77f55447c22ab87157bf6334fb95303f4e2fff5ad15,Allocentric,"[""front-left"", ""front-right"", ""back"", ""right""]",C,D,D,False,B,B,False,both_wrong,False,False,True,taking the camera s viewpoint,619,0600-0699
search,train:620_1,620.png,2c0e4c362aab7f472bbea3ca341ef0365a83da7a01e5b406c5ab507557457e77,Egocentric,"[""left"", ""right"", ""can not determine"", ""can not determine""]",B,B,B,True,B,B,True,both_correct,True,True,True,which hand does this man,620,0600-0699
search,train:622_1,622.png,9bbc4f36835ad50cde773eeeb6f612420d3f81f13dab73c2d02fd784e142c14a,Egocentric,"[""front"", ""left"", ""back"", ""front-right""]",C,C,C,True,C,C,True,both_correct,True,True,True,from the woman s perspective,622,0600-0699
search,train:630_0,630.png,f339fb5c2382111519b3b929e9c5cd19853f9f62f6e4d816bcc20a151c3376b5,Allocentric,"[""back-right"", ""front"", ""front-right"", ""left""]",D,B,B,False,C,C,False,both_wrong,False,False,True,taking the camera lens as,630,0600-0699
search,train:636_2,636.png,7360ff72da7412c690c62d7d45aa7b96e7b303bdc54da6a7db83ab7b5b64b09f,Egocentric,"[""left"", ""back-right"", ""back"", ""front""]",D,A,A,False,A,A,False,both_wrong,False,False,True,suppose you are in the,636,0600-0699
search,train:640_1,640.png,f3d052ad7a40f78fd11106340d1b2507b19a855f35190c467a85eae3299a4644,Egocentric,"[""left"", ""right"", ""can not determine"", ""can not determine""]",A,B,B,False,B,B,False,both_wrong,False,False,True,which hand does this man,640,0600-0699
search,train:645_0,645.png,66f9a049f07b4f9e79850ff3968d53722eaf3cb22090cab5344a0ee28fc08fef,Allocentric,"[""back-right"", ""right"", ""front-left"", ""back-left""]",D,B,B,False,C,C,False,both_wrong,False,False,True,taking the camera lens as,645,0600-0699
search,train:647_0,647.png,80abc622b46504c8bc11bea6d60236b1bc738e1c7f8e190bfe6cb6779e818283,Allocentric,"[""back-left"", ""front-left"", ""right"", ""front""]",A,D,D,False,C,C,False,both_wrong,False,False,True,considering the camera s perspective,647,0600-0699
search,train:651_1,651.png,7682c4ee8ff865161bca61e2f154703944ccb090db3b6fbe3a965a06e899e734,Egocentric,"[""front"", ""front-right"", ""back"", ""left""]",D,B,B,False,A,A,False,both_wrong,False,False,True,imagine you re the man,651,0600-0699
search,train:655_2,655.png,0b5d36db10a2352c7a940f9bbd251b56d63502471bb67986b4eb2429683dbb99,Egocentric,"[""right"", ""left"", ""front"", ""back-left""]",C,B,B,False,B,B,False,both_wrong,False,False,True,suppose you are in the,655,0600-0699
search,train:667_2,667.png,ad7f0f93674c4585f7cf445adb28df9fda05b8cb68538cc3ffeaea34d29c60c7,Egocentric,"[""front"", ""back-left"", ""right"", ""back""]",A,A,A,True,A,A,True,both_correct,True,True,True,as the man in the,667,0600-0699
search,train:672_2,672.png,03453ef5e866fcd46b2cfa47678062f539694e57211ba25ab997a432ec42fd65,Egocentric,"[""back"", ""front-right"", ""front-left"", ""back-right""]",B,C,C,False,B,B,True,base_wrong->cand_correct,False,True,True,imagine you re the giraffe,672,0600-0699
search,train:673_2,673.png,47a179d11deadfddc34308423621205479a10316a740b4104c48d2e46a057378,Egocentric,"[""front"", ""back-right"", ""back-left"", ""left""]",A,D,D,False,D,D,False,both_wrong,False,False,True,picture yourself as the man,673,0600-0699
search,train:681_0,681.png,541929a3507923f58e6f2b53205726ebefa708e0373c4f228b35fe1eb6502e4f,Allocentric,"[""front-right"", ""back-left"", ""left"", ""back-right""]",D,A,A,False,A,A,False,both_wrong,False,False,True,taking the camera s viewpoint,681,0600-0699
search,train:684_0,684.png,e19f93bd72363589682c45559ab35626811d6a5195ca87599a2d34b2bd5a5773,Allocentric,"[""front"", ""right"", ""back-left"", ""left""]",A,C,C,False,C,C,False,both_wrong,False,False,True,with the camera s viewpoint,684,0600-0699
search,train:689_1,689.png,a38ce7cec939e102580a936fef8619d78978925cb7b1789d92808acdb33f4733,Egocentric,"[""front"", ""back-left"", ""right"", ""back-right""]",A,B,B,False,B,B,False,both_wrong,False,False,True,from the perspective of the,689,0600-0699
search,train:690_1,690.png,f1140536e77813ee2c2a9ecff1af02ff25515a124140b67ea6bcb28f7702f988,Egocentric,"[""left"", ""front"", ""back"", ""back-right""]",B,B,B,True,B,B,True,both_correct,True,True,True,from the perspective of the,690,0600-0699
search,train:691_1,691.png,18d213cb06ede55abce38d4a9314074d7aba71f36ed7e7e18b281148ac35c5e2,Egocentric,"[""left"", ""front-left"", ""right"", ""back""]",C,A,A,False,A,A,False,both_wrong,False,False,True,from the perspective of the,691,0600-0699
search,train:702_2,702.png,282e6d85acf2032407472cb495af571779937778fe3ca0ebcef9a35317fa5f0a,Egocentric,"[""back-left"", ""back-right"", ""front"", ""back""]",C,C,C,True,C,C,True,both_correct,True,True,True,suppose you are in the,702,0700-0799
search,train:703_1,703.png,0df2286d6a8a4c600118627545b322a56807f430b423db6d6adb6cb261bfceeb,Egocentric,"[""back"", ""front-left"", ""back-right"", ""front-right""]",B,C,C,False,D,D,False,both_wrong,False,False,True,from the perspective of the,703,0700-0799
search,train:705_2,705.png,c33f6a826e8f9436c31a8cfd79fde2479c309576f926d051da76a41401427b58,Egocentric,"[""right"", ""front-left"", ""back"", ""back-right""]",B,B,B,True,A,A,False,base_correct->cand_wrong,True,False,True,suppose you are in the,705,0700-0799
search,train:713_1,713.png,47f1e237b752bc7260996e87feca2e7a1ae5d68046b2179e9a1fbf4e0da8aef8,Egocentric,"[""right"", ""back-right"", ""back"", ""front-left""]",D,A,A,False,A,A,False,both_wrong,False,False,True,from the woman s perspective,713,0700-0799
search,train:723_2,723.png,c9c8bf7beb5aa9715ace2a14f469733d445be605f1eb157209cdc5632d025408,Egocentric,"[""back-left"", ""front-left"", ""back"", ""back-right""]",B,B,B,True,B,B,True,both_correct,True,True,True,picture yourself as the man,723,0700-0799
search,train:724_0,724.png,a7e4d2b2979664f6500636d8bccf119de626085060b049fd8ede1265f8198977,Allocentric,"[""right"", ""back-left"", ""back-right"", ""front-left""]",D,A,A,False,C,C,False,both_wrong,False,False,True,taking the camera lens as,724,0700-0799
search,train:726_0,726.png,0924a97dfd2e1e4eb289fb45cb7df83cbbffd8f0747175ad839a9e8e9683f1a8,Allocentric,"[""left"", ""back-right"", ""front"", ""back-left""]",C,C,C,True,C,C,True,both_correct,True,True,True,with the camera s viewpoint,726,0700-0799
search,train:730_2,730.png,77231c57c806fae88f0cd4c403e9348001e8bd986fda087e3d2f84cbc76718b7,Egocentric,"[""front"", ""back-left"", ""right"", ""left""]",C,A,A,False,A,A,False,both_wrong,False,False,True,as the boy wearing a,730,0700-0799
search,train:740_1,740.png,5611251fae8832914afd0ae6768eea13009fd48aa593fa5dbe069f4cdf519e2e,Egocentric,"[""front-left"", ""back-right"", ""back"", ""front-right""]",D,B,B,False,C,C,False,both_wrong,False,False,True,from the perspective of the,740,0700-0799
search,train:751_0,751.png,5660d00a10b0eb871f8ebb749e27fdd7cd671284147a777a9b6e566c50e838ba,Allocentric,"[""front-left"", ""back-right"", ""front"", ""back-left""]",B,B,B,True,C,C,False,base_correct->cand_wrong,True,False,True,taking the camera s viewpoint,751,0700-0799
search,train:756_2,756.png,1d191a1eacaeb40fd4d8f09f657ed407bba0fa28e10c87995b0443e91c57c50a,Egocentric,"[""right"", ""front-left"", ""back"", ""back-right""]",B,A,A,False,A,A,False,both_wrong,False,False,True,imagine you re the man,756,0700-0799
search,train:762_0,762.png,517b43319edf0ab4b59d79278d7abcd1a82892455b074263ab0e8ce5ac9d2ffc,Allocentric,"[""front-left"", ""front-right"", ""left"", ""back-right""]",D,C,C,False,C,C,False,both_wrong,False,False,True,taking the camera s viewpoint,762,0700-0799
search,train:76_0,76.png,cc8bfc306d34e73d2d1a4d98291fb5971f07c8e0e4dd43e5af6fea17aa3452c2,Hypothetical,"[""back"", ""front"", ""back-right"", ""right""]",B,A,A,False,D,D,False,both_wrong,False,False,True,when positioned at cabinet facing,76,0000-0099
search,train:775_0,775.png,65cec9b6531ebb4f6d67ff54aba36c0eda8519600b29a57ee4967c3485c3bc70,Allocentric,"[""front-right"", ""left"", ""right"", ""back""]",D,A,A,False,A,A,False,both_wrong,False,False,True,taking the camera s viewpoint,775,0700-0799
search,train:777_1,777.png,4106e7baa2a3aface0221ce73dcbd5e85bb6a831393a89de0242e540e864b359,Egocentric,"[""front-left"", ""back-left"", ""front-right"", ""left""]",C,D,D,False,D,D,False,both_wrong,False,False,True,from the perspective of the,777,0700-0799
search,train:779_1,779.png,6373b03fcc494ad2e6953f1bcbc798963df04c792bcf1897e7323730f3a7e6e3,Egocentric,"[""back-right"", ""left"", ""front-right"", ""front""]",B,C,C,False,C,C,False,both_wrong,False,False,True,from the perspective of the,779,0700-0799
search,train:782_0,782.png,99afd75d6efd64a69ea7392c6ab41eb3b330019e754adbb13b123db3483a30b1,Allocentric,"[""front-left"", ""front"", ""back"", ""left""]",C,B,B,False,B,B,False,both_wrong,False,False,True,taking the camera s viewpoint,782,0700-0799
search,train:788_1,788.png,c92824ffb391e67c098525971fdb2233806ab5458532ccd775a32a01d8436cca,Egocentric,"[""back"", ""front-left"", ""front-right"", ""left""]",C,D,D,False,D,D,False,both_wrong,False,False,True,from the perspective of the,788,0700-0799
search,train:792_0,792.png,f619ca94313dc30c15eae4fe3f6fab80127017d8fa3834f916d86b7e3949f2aa,Allocentric,"[""front"", ""back-right"", ""right"", ""left""]",D,C,C,False,C,C,False,both_wrong,False,False,True,taking the camera s viewpoint,792,0700-0799
search,train:793_2,793.png,edab27745a95cd3fa5dd5066a1087dda03e4cb284b482fa6a354fde59ada8c6b,Egocentric,"[""back-left"", ""front"", ""back"", ""right""]",B,B,B,True,B,B,True,both_correct,True,True,True,as the boy holding the,793,0700-0799
search,train:79_0,79.png,1821a1051c27606e98399210deffd624c50686c2867bd42ca569911db210ac2c,Hypothetical,"[""back-right"", ""back-left"", ""front-right"", ""left""]",C,A,A,False,A,A,False,both_wrong,False,False,True,if you stand at cabinet,79,0000-0099
search,train:810_0,810.png,478a6830dfbc4ecf933dde2764eb39ad7bd1b90d479881e9451e47a6c3d39f6f,Allocentric,"[""back"", ""back-right"", ""left"", ""right""]",C,C,C,True,C,C,True,both_correct,True,True,True,taking the camera s viewpoint,810,0800-0899
search,train:822_0,822.png,4c73b8a24db94fd2a645de0d3cb2b75c65863568342b75144a649bc5a3336f4a,Allocentric,"[""right"", ""left"", ""front-left"", ""front""]",A,A,A,True,A,A,True,both_correct,True,True,True,considering the camera s perspective,822,0800-0899
search,train:827_0,827.png,d97cd8dea6030a26229cb60faad6829dcd2f431452ca0115e87c23739f4be6ca,Allocentric,"[""back-left"", ""front-left"", ""right"", ""front""]",A,D,D,False,D,D,False,both_wrong,False,False,True,taking the camera s viewpoint,827,0800-0899
search,train:828_2,828.png,a061bd026c7d246ff397706b6e2de3512739e3a064009751b38f756766c68c6b,Egocentric,"[""left"", ""front"", ""back-right"", ""back""]",B,B,B,True,B,B,True,both_correct,True,True,True,as the girl in the,828,0800-0899
search,train:832_2,832.png,e01019912bf4763d01dcf09d5c88ef9357ad7b7d9f002d8b40522543438c3b17,Egocentric,"[""back"", ""right"", ""back-right"", ""front""]",D,B,B,False,D,D,True,base_wrong->cand_correct,False,True,True,picture yourself as the woman,832,0800-0899
search,train:848_2,848.png,26ca036086518158f80c30bbfd767f5d2f511a5bd5cc950504a77128ea881562,Egocentric,"[""right"", ""front-left"", ""front-right"", ""back""]",B,C,C,False,C,C,False,both_wrong,False,False,True,picture yourself as the man,848,0800-0899
search,train:850_0,850.png,2595b583f379cf27ecd82ec96760de5d8eabed85333735f42dcbc1a80ff70e0d,Allocentric,"[""right"", ""back-left"", ""front"", ""back""]",A,A,A,True,A,A,True,both_correct,True,True,True,taking the camera s viewpoint,850,0800-0899
search,train:855_2,855.png,4621020896ac025512c1942ea95b531297733c997f705499f894829958220ae3,Egocentric,"[""left"", ""back"", ""back-right"", ""front""]",D,D,D,True,D,D,True,both_correct,True,True,True,imagine you re the woman,855,0800-0899
search,train:861_2,861.png,00fabbb08ce981692a901dde7020816ff9ee81ede9ef733781d6a580088647d4,Egocentric,"[""left"", ""front"", ""back"", ""right""]",B,B,B,True,B,B,True,both_correct,True,True,True,picture yourself as the baby,861,0800-0899
search,train:863_1,863.png,d0e5ba7b34690cca79f08e2f86d4224cb947f335dd26a1526a5173fbf35cbeee,Egocentric,"[""front-right"", ""back"", ""front-left"", ""back-left""]",A,A,A,True,A,A,True,both_correct,True,True,True,as the cat in the,863,0800-0899
search,train:870_0,870.png,b433956d461c400c13f6581f5b8668599ec2300f3a0f8421f2430e993af1593e,Allocentric,"[""front"", ""right"", ""back"", ""front-left""]",B,B,B,True,B,B,True,both_correct,True,True,True,taking the camera lens as,870,0800-0899
search,train:872_2,872.png,0146334fdb1e2083f8597b968dedd80d188c1c070f4197478caa54ebc2fd20d5,Egocentric,"[""front-left"", ""left"", ""front-right"", ""back-left""]",C,C,C,True,C,C,True,both_correct,True,True,True,suppose you are in the,872,0800-0899
search,train:874_1,874.png,99a6cf9bdcb2e8728aa90a453ae5f485531640850c20aec1bea6ce3c644e3163,Egocentric,"[""right"", ""left"", ""back-right"", ""front""]",B,C,C,False,C,C,False,both_wrong,False,False,True,from the perspective of the,874,0800-0899
search,train:880_0,880.png,02a2feaa08f132aec1d35fb5bfb1f228d237e3b94c2a18d369a2dcc918771f07,Allocentric,"[""front-right"", ""back"", ""left"", ""front""]",B,D,D,False,D,D,False,both_wrong,False,False,True,considering the camera s perspective,880,0800-0899
search,train:882_1,882.png,3ab0ff0b122fb240478a06115cc2e14f1b3c6b2dbba62f81922cf5d5e795ab05,Egocentric,"[""right"", ""back"", ""front-right"", ""left""]",D,A,A,False,A,A,False,both_wrong,False,False,True,from the perspective of the,882,0800-0899
search,train:883_0,883.png,6381cf1d007789524da9263b85644e07572c922155740062eef05e82a13d9b2e,Allocentric,"[""back-left"", ""right"", ""back"", ""front""]",D,D,D,True,D,D,True,both_correct,True,True,True,considering the camera s perspective,883,0800-0899
search,train:884_2,884.png,13f81f9ab8e81714b1642d24466565aa781e2f44c38fcafe53d1e2ed567c63d8,Egocentric,"[""front-right"", ""left"", ""back-left"", ""back-right""]",A,A,A,True,A,A,True,both_correct,True,True,True,suppose you are in the,884,0800-0899
search,train:889_1,889.png,92e1ccdc3e29a3d0772bd84e2fc5453310a90644958203369963002bff26b397,Egocentric,"[""left"", ""right"", ""can not determine"", ""can not determine""]",A,B,B,False,B,B,False,both_wrong,False,False,True,which hand is the woman,889,0800-0899
search,train:904_0,904.png,c42df6aab718a1f6f31ee77d7a6e6d05533915351657f8bb1593c9cb146eae14,Allocentric,"[""front-right"", ""front-left"", ""back"", ""front""]",C,D,D,False,D,D,False,both_wrong,False,False,True,taking the camera lens as,904,0900-0999
search,train:906_0,906.png,030afd035d3557fc3923f922cb763e3d75aa216f6c776608417f7228bdb07913,Allocentric,"[""front-left"", ""right"", ""left"", ""front""]",B,B,B,True,B,B,True,both_correct,True,True,True,taking the camera lens as,906,0900-0999
search,train:912_2,912.png,1e879b4307cb6f0fc227ce38eeadc20b3a0e4e724bdb7c042a37c8aed28a5d6b,Egocentric,"[""front-right"", ""right"", ""front"", ""left""]",D,B,B,False,B,B,False,both_wrong,False,False,True,suppose you are in the,912,0900-0999
search,train:913_0,913.png,6f719f01968313117b58cc4dbc5265727f34175fb7a1509cc9534f29ded95b54,Allocentric,"[""front"", ""back"", ""right"", ""front-left""]",C,C,C,True,C,C,True,both_correct,True,True,True,taking the camera lens as,913,0900-0999
search,train:916_0,916.png,8b4a5ca06d3c3116ad863c1c0688bb1114a985f052baa54226c6ed6522bd9d1a,Allocentric,"[""left"", ""front"", ""back-right"", ""right""]",A,D,D,False,D,D,False,both_wrong,False,False,True,taking the camera s viewpoint,916,0900-0999
search,train:918_1,918.png,e62ce1e12689ebcd8c66927bb1b9f64b760294a4c3c1c7e5fe7ee58eaa38ff99,Egocentric,"[""left"", ""right"", ""can not determine"", ""can not determine""]",A,B,B,False,B,B,False,both_wrong,False,False,True,which hand is the person,918,0900-0999
search,train:922_0,922.png,4e383274fcd116a034f8d1d27456b9c3420dda0f7b15d7848488b7f50766eedb,Allocentric,"[""right"", ""back-right"", ""back"", ""front""]",D,C,C,False,D,D,True,base_wrong->cand_correct,False,True,True,taking the camera lens as,922,0900-0999
search,train:924_1,924.png,4956b03455809a33b24821e070e0549d898812186fdace85f5228b7ccceebc12,Egocentric,"[""front"", ""back"", ""left"", ""front-right""]",B,C,C,False,C,C,False,both_wrong,False,False,True,from this woman s perspective,924,0900-0999
search,train:928_1,928.png,a5a51274d09391fbc7c718b07f3dab288bdcc2a2e399ffa91c776dbf53897a6f,Egocentric,"[""front"", ""right"", ""left"", ""back""]",A,C,C,False,C,C,False,both_wrong,False,False,True,from the perspective of the,928,0900-0999
search,train:932_0,932.png,780b7b6bf1e97922fb2942fccb9c1fbff9c834437ad70b044261c04075eed0d0,Allocentric,"[""front-left"", ""front"", ""right"", ""back""]",C,C,C,True,C,C,True,both_correct,True,True,True,considering the camera s perspective,932,0900-0999
search,train:93_0,93.png,e2f510627b317977beba03a064e7c37111b44a8b1fb4c219d934abb2a8c0dec3,Hypothetical,"[""front-right"", ""back-left"", ""left"", ""back""]",A,D,D,False,D,D,False,both_wrong,False,False,True,standing at window gazing at,93,0000-0099
search,train:942_2,942.png,6d026b02554c3ef7c299450bf4fbde870110ca337b0d4bb8f5c8b8e097b1351d,Egocentric,"[""right"", ""back-left"", ""front"", ""back-right""]",C,A,A,False,A,A,False,both_wrong,False,False,True,imagine you re the boy,942,0900-0999
search,train:953_1,953.png,11fb4860d5bc335ce4090ce2df82b094e5bba4e487d33b0db0240f47307b5859,Egocentric,"[""back"", ""front-left"", ""back-right"", ""right""]",B,B,B,True,B,B,True,both_correct,True,True,True,imagine you re the man,953,0900-0999
search,train:954_0,954.png,533ee27c2a8c4783db25b4f27a8529f5d0b7f825143d4e08ecdd67b6933446bc,Allocentric,"[""back-left"", ""back-right"", ""right"", ""front-right""]",A,C,C,False,C,C,False,both_wrong,False,False,True,with the camera s viewpoint,954,0900-0999
search,train:955_0,955.png,7978f4a1f4b4a495b36bb13c3677a9a9951d2e2b161fa7400bee9b84edabe6af,Allocentric,"[""front"", ""back"", ""front-left"", ""left""]",B,A,A,False,A,A,False,both_wrong,False,False,True,considering the camera s perspective,955,0900-0999
search,train:962_0,962.png,c20efeb6112f7005e856b736a086ead18c43a29d2982ef7f4be2eda55ce2fe38,Allocentric,"[""right"", ""front-left"", ""back"", ""left""]",C,B,B,False,B,B,False,both_wrong,False,False,True,taking the camera s viewpoint,962,0900-0999
search,train:965_2,965.png,93b744e054d738dca7c892211952785c514ea4a99d82d8e330c044133aad8a71,Egocentric,"[""front-right"", ""back-left"", ""front-left"", ""back""]",A,A,A,True,A,A,True,both_correct,True,True,True,suppose you are in the,965,0900-0999
search,train:966_2,966.png,0e3e1c4b20d6708328f58bf45a6f08811b9e94ed50fa436b276585a102466651,Egocentric,"[""right"", ""back"", ""front-right"", ""front-left""]",D,D,D,True,D,D,True,both_correct,True,True,True,imagine you re the woman,966,0900-0999
search,train:970_1,970.png,437a390d1767f4fef57d84951e95c38dd35a6e690d3a482ba4121d760b70ae4f,Egocentric,"[""right"", ""back-right"", ""left"", ""front""]",D,B,B,False,B,B,False,both_wrong,False,False,True,from the perspective of the,970,0900-0999
search,train:971_2,971.png,bbfe54740c3fb9d0bea6384b4bf4cd2d610d15666ed479f1049bd8807e12abe8,Egocentric,"[""back-right"", ""back-left"", ""left"", ""front""]",D,C,C,False,D,D,True,base_wrong->cand_correct,False,True,True,imagine you re the little,971,0900-0999
search,train:974_1,974.png,9419b03a2345137c9925e4ab4ccbda1eccb881f0f574e8b3af40ca553b9650b6,Egocentric,"[""front"", ""right"", ""back"", ""left""]",A,A,A,True,A,A,True,both_correct,True,True,True,from the perspective of this,974,0900-0999
search,train:984_1,984.png,f9a7537e56c6a828893f307cd822cf4d0f84b50013c3561c819dede3a221781a,Egocentric,"[""left"", ""right"", ""can not determine"", ""can not determine""]",B,B,B,True,A,A,False,base_correct->cand_wrong,True,False,True,which hand is the man,984,0900-0999
search,train:992_1,992.png,11687afb71a4e6dbc6a5087377158247e59115073267e1a3fd319d78e4e39337,Egocentric,"[""back-right"", ""left"", ""back-left"", ""front""]",D,B,B,False,B,B,False,both_wrong,False,False,True,from the perspective of the,992,0900-0999
search,train:993_0,993.png,99336214a8223cdbbf16b49c43ca02bf29638f4b4f1cbdf3e3da716dd42d697b,Allocentric,"[""back-left"", ""front"", ""back-right"", ""front-left""]",A,B,B,False,B,B,False,both_wrong,False,False,True,taking the camera s viewpoint,993,0900-0999
