uid,phase,cell,base_correct,mB,d_total,ins_vision,rem_vision,lin_vision,ins_embed,rem_embed,lin_embed,ins_lm_q1,rem_lm_q1,lin_lm_q1,ins_lm_q2,rem_lm_q2,lin_lm_q2,ins_lm_q3,rem_lm_q3,lin_lm_q3,ins_lm_q4,rem_lm_q4,lin_lm_q4,ins_final_norm_head,rem_final_norm_head,lin_final_norm_head,d_vision,d_LM,d_embed,d_head,d_other,d_sum,interaction,lin_LM,lin_other,nl_vision,nl_LM,is_rerank,changed,w
train:1029_2,RERANK,repair,False,-4.249999776482582,13.000000059604645,1.999999776482582,0.75000060047023,-16.317142519620347,0.24999982118606567,0.7499998211860657,0.02001631259918213,5.2499998062849045,3.2500002831220627,4.175522644713055,1.7499998956918716,2.5000001341104507,1.2550096227205358,4.249999776482582,2.0000002831220627,3.760111791365489,0.24999990314245224,0.7500007376074791,0.08286497958033578,-4.470348358154297e-08,0.500000199303031,0.14758190620341338,1.999999776482582,11.49999938160181,0.24999982118606567,-4.470348358154297e-08,0.2499997764825821,13.749998934566975,-0.7499988749623299,9.273509038379416,0.1675982188025955,18.31714229610293,2.2264903432223946,1.0,True,2.0
train:105_0,RERANK,repair,False,-2.0000001043081284,3.499999985098839,0.25000010430812836,1.2499998807907104,4.617129806143566,-0.2499999850988388,-0.25,0.06733673810958862,4.470348358154297e-08,-1.0000000596046448,0.06620778987416998,1.0000001639127731,1.9999998211860657,1.8083284391468624,1.5000000447034836,1.9999999403953552,1.1175846259866375,0.25000008940696716,0.4999998211860657,0.05504681489128416,-0.2499999850988388,-0.2500001788139343,-0.19308990409990656,0.25000010430812836,2.7500003427267075,-0.2499999850988388,-0.2499999850988388,-0.4999999701976776,2.500000476837158,0.9999995082616806,3.047167669898954,-0.12575316599031794,-4.367129701835438,-0.2971673271722466,1.0,True,2.0
train:1073_2,RERANK,repair,False,-0.25,0.25,-0.9999999701976776,-1.4999999701976776,-14.176799612937884,-0.25,-0.25,0.04847351089119911,0.25,-0.25,-0.004260947476723231,0.9999999403953552,0.7499999701976776,1.3019274120160844,-0.5,0.0,-0.173574751461274,0.75,0.7500000298023224,0.6251351511891698,-0.25,-0.25,-0.14093034178040398,-0.9999999701976776,1.4999999403953552,-0.25,-0.25,-0.5,-2.9802322387695312e-08,0.2500000298023224,1.749226864267257,-0.09245683088920487,13.176799642740207,-0.24922692387190182,1.0,True,2.0
train:1113_2,RERANK,repair,False,-1.7499999701976776,2.75,-7.450580596923828e-08,-0.49999991059303284,-1.9750096051121773,0.2499999850988388,0.0,0.03955463692545891,0.7499999403953552,1.75,-0.00013712617146666162,0.24999991059303284,1.5000000298023224,-0.45298215115326457,0.4999999701976776,0.7500000298023224,0.4532552467499045,0.5,0.7500000298023224,0.3139473227338385,-0.2500000596046448,-0.5000000149011612,-0.2410235162533354,-7.450580596923828e-08,1.9999998211860657,0.2499999850988388,-0.2500000596046448,-7.450580596923828e-08,1.9999996721744537,0.7500003278255463,0.31408329215901176,-0.2014688793278765,1.9750095306063713,1.685916529027054,1.0,True,2.0
train:329_1,RERANK,repair,False,-0.25,2.0,0.7499999701976776,0.25,-0.40538521145390405,0.0,0.2500000298023224,-0.035169243812561035,0.0,0.2499999701976776,-0.39107374870764033,1.25,1.25,1.0832785945967771,0.25,0.5,0.18094993824342964,-0.4999999701976776,-0.25,-0.2812166882767997,0.5,0.5,0.40464257274288684,0.7499999701976776,1.0000000298023224,0.0,0.5,0.5,2.25,-0.25,0.5919380958557667,0.3694733289303258,1.1553851816515817,0.40806193394655565,1.0,True,2.0
train:40_0,RERANK,repair,False,0.0,0.7500000298023224,0.7499999701976776,0.7500000298023224,2.890309035110704,0.0,5.960464477539063e-08,-0.03715401515364647,-0.7500000298023224,-0.24999994039535522,-0.2907495994004421,-0.9999999701976776,5.960464477539063e-08,-0.7748942254984286,1.0000000298023224,1.2500000298023224,1.1863437962587682,0.25,0.2500000298023224,0.08828502178084818,0.25,5.960464477539063e-08,0.16921371998614632,0.7499999701976776,-0.4999999701976776,0.0,0.25,0.25,0.5,0.2500000298023224,0.2089849931407457,0.13205970483249985,-2.1403090649130263,-0.7089849633384233,1.0,True,2.0
train:427_0,RERANK,repair,False,-1.7499999850988388,3.2499999701976776,1.2499999850988388,-0.25000007450580597,-0.03219008768061826,0.2500000447034836,0.24999995529651642,0.03119346685707569,1.0000000149011612,1.4999999850988388,0.38783178138692165,0.9999999552965164,0.9999999850988388,0.9077082916010113,-4.470348358154297e-08,0.2500000149011612,-0.0041411799893467105,0.2499999850988388,0.24999992549419403,0.017429689412892913,2.9802322387695312e-08,-5.960464477539063e-08,0.018809157445502933,1.2499999850988388,2.249999910593033,0.2500000447034836,2.9802322387695312e-08,0.25000007450580597,3.7499999701976776,-0.5,1.3088285824114791,0.050002624302578624,1.282190072779457,0.9411713281815537,1.0,True,2.0
train:589_2,RERANK,repair,False,-1.5000000149011612,9.24999986946932,3.0000000447034836,4.999999787512934,3.980980859756073,0.0,0.4999998405401129,0.047962628304958344,1.5000000149011612,1.499999655148713,0.25030412297928706,0.2500000447034836,0.49999972109799273,-1.1094385157921351,1.9999999850988388,2.500000078085577,1.9855721116109635,-0.749999888241291,-2.3830216377973557e-07,-0.42474172878837635,0.2499999850988388,0.4999998405401129,0.32559834435232915,3.0000000447034836,3.0000001564621925,0.0,0.2499999850988388,0.2499999850988388,6.250000186264515,2.9999996832048055,0.701695990009739,0.3735609726572875,-0.9809808150525896,2.2983041664524535,1.0,True,2.0
train:605_2,RERANK,repair,False,-3.7499999701976776,5.249999970197678,1.0000000596046448,2.0000000596046448,6.383827116664179,-0.24999994039535522,0.0,-0.04815111309289932,1.2500000149011612,1.75,1.405324156396091,-0.5000001788139343,-0.5000001043081284,-0.8303695723880082,1.9999999701976776,2.5,1.5996764587002872,8.940696716308594e-08,0.7500000596046448,-0.03731488688572426,-0.2499999701976776,0.5,-0.03909169301550719,1.0000000596046448,2.7499998956918716,-0.24999994039535522,-0.2499999701976776,-0.49999991059303284,3.2500000447034836,1.999999925494194,2.1373161558226457,-0.08724280610840651,-5.383827057059534,0.612683739869226,1.0,True,2.0
train:610_2,RERANK,repair,False,-3.5000001192092896,7.750000089406967,3.0000001192092896,2.249999910593033,-2.8411105986660914,0.5,-8.940696716308594e-08,-0.2854365408420563,4.0000001192092896,4.499999970197678,3.911472234132816,5.960464477539063e-08,-0.7500001639127731,-0.789960554218851,1.7500000596046448,0.9999998509883881,1.371680647614994,1.0000001192092896,1.0000000596046448,0.7703587183968921,1.1920928955078125e-07,-0.24999987334012985,-0.2131626980844885,3.0000001192092896,6.750000357627869,0.5,1.1920928955078125e-07,0.5000001192092896,10.250000596046448,-2.5000005066394806,5.263551045925851,-0.4985992389265448,5.841110717875381,1.4864493117020174,1.0,True,2.0
train:1039_1,RERANK,regression,True,1.2500000298023224,-1.75,-0.2500000596046448,-0.4999999701976776,-1.138941848965942,0.24999994039535522,0.0,0.06735409051179886,-0.5,-0.9999999701976776,-0.33045084596960805,-1.0000000298023224,-0.9999999701976776,-0.9157766334246844,0.0,0.2500000298023224,-0.024074841414403636,0.7499998658895493,0.25000008940696716,0.4423170150248552,-0.25,-0.2499999701976776,-0.2414006756443996,-0.2500000596046448,-0.7500001639127731,0.24999994039535522,-0.25,-5.960464477539063e-08,-1.0000002831220627,-0.7499997168779373,-0.8279853057838409,-0.17404658513260074,0.8889417893612972,0.07798514187106775,1.0,True,2.0
train:466_0,RERANK,regression,True,0.5,-3.0000000596046448,-1.0,-1.7500000596046448,-3.602619118543771,0.2500000596046448,-0.25000011920928955,0.10601427406072617,-1.75,-1.5000001192092896,-1.946277499129792,-0.75,-0.2500000596046448,-0.807236883261794,0.0,0.24999983608722687,0.04898066632449627,0.7500000596046448,0.4999998211860657,0.6016381047375035,-0.25,-0.5000000596046448,-0.21832543791970238,-1.0,-1.7499999403953552,0.2500000596046448,-0.25,5.960464477539063e-08,-2.7499998807907104,-0.2500001788139343,-2.1028956113295862,-0.11231116385897622,2.602619118543771,0.352895670934231,1.0,True,2.0
train:1059_1,RERANK,both_wrong_diff,False,-3.000000022351742,4.250000022351742,-1.250000050291419,-1.7500001192092896,-1.7989861661646955,0.25000008195638657,0.0,-0.05646364390850067,1.7500001415610313,2.7500000298023224,1.4873464131524088,1.7500001415610313,2.7500000596046448,1.0781469216744881,1.7499999925494194,1.7500001192092896,1.5423487335865502,0.7500000819563866,1.0,0.3695866912858037,0.250000037252903,1.1920928955078125e-07,0.007763788657030091,-1.250000050291419,6.000000357627869,0.25000008195638657,0.250000037252903,0.5000001192092896,5.250000426545739,-1.0000004041939974,4.477428759699251,-0.04869985525147058,0.5489861158732765,1.5225715979286178,1.0,True,2.0
train:521_0,RERANK,both_wrong_diff,False,-3.7499998956918716,2.4999998956918716,-1.4901161193847656e-08,0.75,0.760685165839277,-1.4901161193847656e-08,0.25,-0.06328423321247101,-0.5000001639127731,0.75,-0.5970892856557839,0.7499998956918716,1.0,0.4343391712391167,-0.25000031292438507,0.25,-0.1755785954883322,0.24999990314245224,1.0,0.19860629354661796,-1.9371509552001953e-07,0.0,0.03934566932730377,-1.4901161193847656e-08,0.24999932199716568,-1.4901161193847656e-08,-1.9371509552001953e-07,-2.086162567138672e-07,0.24999909847974777,2.250000797212124,-0.13972241635838145,-0.02393856388516724,-0.7606851807404382,0.38972173835554713,1.0,True,2.0
train:628_0,RERANK,both_wrong_diff,False,-5.374999940395355,0.3749999403953552,0.24999982118606567,-0.7500002384185791,0.47052354898937665,0.3749999403953552,-0.5000002384185791,-0.03583166003227234,0.6249999403953552,1.0,-0.1721894463771605,0.12500005960464478,-0.7500002384185791,-0.3375646825879812,-0.12499994039535522,0.5,-0.6464088323918986,0.7499997019767761,1.000000238418579,0.41498399947010967,5.960464477539063e-08,-0.2500002384185791,-0.1569828333595069,0.24999982118606567,1.374999761581421,0.3749999403953552,5.960464477539063e-08,0.375,1.9999995827674866,-1.6249996423721313,-0.7411789618869307,-0.19281449339177925,-0.22052372780331098,2.1161787234683516,1.0,True,2.0
train:677_2,RERANK,both_wrong_diff,False,-3.7500001788139343,6.000000059604645,0.7500001788139343,-0.2500001788139343,-13.780691265623318,0.25000011920928955,0.75,0.17621244490146637,3.2500001788139343,3.4999998807907104,2.2951806186392787,1.7500001788139343,3.4999998807907104,0.9127087307570037,0.5000001788139343,0.2499997615814209,-0.05907841571024619,-1.0000000596046448,-0.5,-0.9570761205031886,-0.24999964237213135,0.0,-0.07577131246216595,0.7500001788139343,4.500000476837158,0.25000011920928955,-0.24999964237213135,4.76837158203125e-07,5.250001132488251,0.749998927116394,2.1917348131828476,0.10044113243930042,14.530691444437252,2.3082656636543106,1.0,True,2.0
train:774_0,RERANK,both_wrong_diff,False,-7.499999761581421,-1.0,-1.499999850988388,-1.249999463558197,-4.582798418280163,0.0,-0.4999997615814209,-0.08166325837373734,-1.5000004768371582,-0.49999961256980896,-1.7578185245220084,-0.5000001266598701,-0.25,-0.6448560366698075,0.9999997466802597,1.2500004172325134,0.3743595801806805,0.4999997466802597,0.25000065565109253,0.08509202743152855,-1.341104507446289e-07,3.5762786865234375e-07,0.03928410162916407,-1.499999850988388,-0.5000011101365089,0.0,-1.341104507446289e-07,-1.341104507446289e-07,-2.0000010952353477,1.0000010952353477,-1.9432229535796068,-0.042379156744573265,3.082798567291775,1.443221843443098,1.0,True,2.0
train:91_0,RERANK,both_wrong_diff,False,-0.25,-0.5000001192092896,0.0,-0.25000011920928955,-1.9100440522067856,0.0,-0.25000011920928955,0.024551071226596832,-1.2499999403953552,-1.0000001192092896,-0.7507813036927473,0.25,0.24999988079071045,0.2789322999542492,0.75,0.24999988079071045,0.5801761548345894,-0.25,-0.5000001192092896,-0.41176788864686387,0.25,0.24999988079071045,0.22209150555863744,0.0,-0.4999999403953552,0.0,0.25,0.25,-0.24999994039535522,-0.2500001788139343,-0.3034407375507726,0.24664257678523427,1.9100440522067856,-0.19655920284458261,1.0,True,2.0
train:1206_0,RERANK,both_correct,True,3.7500000558793545,-0.9999999515712261,-0.5000000409781933,-0.499999824911356,-1.2620788629042181,0.2500000484287739,-0.24999992176890373,0.1515386998653412,-1.2293457984924316e-07,8.195638656616211e-08,-0.9156594645755831,-0.24999995902180672,-0.9999998137354851,-0.7945303388260072,-0.7500000111758709,-0.7499998956918716,-0.17551672015792974,0.750000013038516,0.7500002086162567,0.9413887749669811,-0.25000015646219254,-0.24999989196658134,-0.14293047256069258,-0.5000000409781933,-0.2500000800937414,0.2500000484287739,-0.25000015646219254,-1.0803341865539551e-07,-0.7500002291053534,-0.24999972246587276,-0.9443177485925389,0.008608227304648608,0.7620788219260248,0.6943176684987975,1.0,False,12.5
train:442_0,RERANK,both_correct,True,0.7499999701976776,-0.2500000298023224,-0.7499999701976776,-1.2500000894069672,-2.302896286556461,0.0,-0.2500000596046448,-0.06932862102985382,-0.4999999701976776,-0.5,0.7035463225911371,2.9802322387695312e-08,0.24999994039535522,0.42139881386538036,0.5000000298023224,-1.0000000298023224,0.47644246320123784,0.7500000596046448,0.9999999403953552,0.6196443577382524,-0.2499999701976776,-5.960464477539063e-08,0.012229268671944737,-0.7499999701976776,0.7500001490116119,0.0,-0.2499999701976776,-0.2499999701976776,-0.2499997913837433,-2.384185791015625e-07,2.221031957396008,-0.05709935235790908,1.5528963163587832,-1.4710318083843958,1.0,False,12.5
train:711_1,RERANK,both_correct,True,0.0,1.4999999552965164,0.5,1.2499999552965164,-2.0354832263310527,0.25,0.4999999552965164,-0.02946309931576252,0.5,0.4999999552965164,0.2678019407467218,-0.25,0.24999992549419403,-1.163540541416296,-0.5000000298023224,0.24999995529651642,-0.6509102507334319,0.7500000298023224,0.999999925494194,0.6815728751632832,0.0,-0.500000074505806,-0.3008442439022474,0.5,0.5,0.25,0.0,0.25,1.25,0.24999995529651642,-0.8650759762397229,-0.3303073432180099,2.5354832263310527,1.3650759762397229,1.0,False,12.5
train:629_1,RERANK,both_correct,True,7.6250000629224814,0.37499990448122844,-0.2500002503511496,-0.7500000243890099,0.9403474267942897,7.980270311236382e-08,-4.25032339990139e-07,0.015431009232997894,0.1250000464497134,0.25000016193371266,0.00869071341730887,-0.12500018603168428,-0.12500035983975977,-0.550884731579572,0.3749995358521119,0.37499986740294844,0.6724473298727389,0.24999993183882907,0.24999975837999955,0.29634389271814143,0.25000012677628547,0.2499999669380486,0.10817934814258479,-0.2500002503511496,0.6249993281089701,7.980270311236382e-08,0.25000012677628547,0.2500002065789886,0.6249992843368091,-0.24999937985558063,0.42659720442861726,0.12361035737558268,-1.1903476771454393,0.19840212368035282,1.0,False,12.5
train:823_2,RERANK,both_correct,True,5.500000072643161,5.250000051288225,-2.750000176951289,-0.2500001210064511,1.2284896435439805,-1.2433156371116638e-07,0.25000059302692534,-0.0786549374461174,1.250000118976459,3.0000002750384738,1.5164023397119308,1.2500000318977982,1.999999677624146,2.3288066431996413,1.500000120839104,2.7499997110062395,2.162260847784637,1.000000044470653,1.250000466759957,0.9036294556244684,-0.2500002458691597,-0.24999999724968802,-0.17625000537373126,-2.750000176951289,5.000000316184014,-1.2433156371116638e-07,-0.2500002458691597,-0.2500003702007234,1.9999997690320015,3.2500002822562237,6.9110992863206775,-0.25490494281984866,-3.9784898204952697,-1.9110989701366634,1.0,False,12.5
train:996_1,RERANK,both_correct,True,2.9999998807907104,2.2500001303851604,0.0,0.7499999143183231,-2.326666764638503,0.0,-0.24999997206032276,-0.02264915034174919,1.1175870895385742e-07,0.2500001806765795,0.3074215993692633,1.500000098720193,2.2500000186264515,1.303935394869768,0.2500001825392246,-0.24999997206032276,0.2989712593407603,-0.2499999962747097,-0.24999997206032276,-0.17510064378438983,0.5000001713633537,0.4999999925494194,0.4547325304738479,0.0,1.5000003967434168,0.0,0.5000001713633537,0.5000001713633537,2.0000005681067705,0.24999956227838993,1.7352276097954018,0.4320833801320987,2.326666764638503,-0.23522721305198502,1.0,False,12.5
train:1097_0,RERANK,both_wrong_same,False,-11.249999805062544,-3.1250003222958185,-0.12499978777486831,-0.8750001047446858,-1.0838025506545819,0.12499976108665578,-0.37500011405791156,-0.1267072558403015,-0.7500001417647582,-1.374999763116648,-0.5910081561087281,1.1250002133310772,0.6249998730781954,0.6768832555098925,-1.0000000779618858,-1.3750001259613782,-1.1649208179442212,-1.5000002096639946,-1.3749998747371137,-1.618342111451966,-3.411842044442892e-07,-1.0554504115134478e-07,-0.06345100968610495,-0.12499978777486831,-2.1250002160595614,0.12499976108665578,-3.411842044442892e-07,0.12499941990245134,-2.1250005839319783,-0.9999997383638402,-2.697387829995023,-0.19015826552640647,0.9588027628797136,0.5723876139354616,1.0,False,14.833333333333334
train:406_0,RERANK,both_wrong_same,False,-6.749999821186066,-3.7500003334134817,-0.8750003334134817,-0.750000087544322,0.935893498772856,-0.25000040233135223,0.24999998067505658,-0.013070313259959221,-0.875000536441803,-1.3750001210719347,-0.005851715053722728,-0.5000001341104507,-0.2500003119930625,-0.4035278888004541,-1.1249999850988388,-1.2500003725290298,-1.3391473570079597,-0.3749999701976776,0.25000008661299944,-0.18569613940780982,-0.12500037252902985,-4.23286110162735e-07,0.04991363047156483,-0.8750003334134817,-2.87500062584877,-0.25000040233135223,-0.12500037252902985,-0.3750007748603821,-4.125001734122634,0.3750014007091522,-1.9342231002699464,0.03684331721160561,-1.8108938321863377,-0.9407775255788238,1.0,False,14.833333333333334
train:1102_0,RERANK,both_wrong_same,False,-5.250000089406967,-1.4999998211860657,2.4999999701976776,2.5000004936009645,34.02198339904862,-0.25000008940696716,2.9802322387695312e-08,-0.11551354080438614,-4.000000266358256,-2.999999910593033,-2.7666597831994295,2.5000003278255463,2.2500003203749657,1.580956872770912,-2.249999897554517,-3.999999910593033,-2.9463255731843674,-0.24999982118606567,8.940696716308594e-08,-0.3807316325692227,0.25000032782554626,0.2500002086162567,0.23686985809763428,2.4999999701976776,-3.9999996572732925,-0.25000008940696716,0.25000032782554626,2.384185791015625e-07,-1.4999994486570358,-3.725290298461914e-07,-4.512760116182108,0.12135631729324814,-31.521983428850945,0.512760458908815,1.0,False,14.833333333333334
train:394_1,RERANK,both_wrong_same,False,-11.624999820254743,-3.3750002009619493,-0.37499995552934706,0.12499953704536892,3.770476181302911,-3.273598849773407e-07,-2.246815711259842e-07,-0.07328293472528458,-1.6250004125759006,-1.500000117579475,-1.552520087783705,-0.5000004534376785,-0.49999992121593095,-0.7259895086463075,0.25000023236498237,-0.12500036595156416,-0.5055059371043171,-1.0000003878958523,-1.1250003435998224,-1.3194954969512764,0.5000000633299351,0.2499995230609784,0.2079912890912965,-0.37499995552934706,-2.875001021544449,-3.273598849773407e-07,0.5000000633299351,0.4999997359700501,-2.750001241103746,-0.6249989598582033,-4.103511030485606,0.13470835436601192,-4.145476136832258,1.2285100089411571,1.0,False,14.833333333333334
train:956_2,RERANK,both_wrong_same,False,-8.500000173284207,-5.249999827125066,-1.2499998322164174,-5.25000021275082,-0.957466310496784,-0.2499996287515387,-0.5000004761332093,-0.2923280894756317,-2.7499994784302544,-4.250000112269845,-0.8478252382155915,1.2500000854488462,0.5000002386568667,1.0357628692581784,0.7500002860906534,2.3810844140825793e-07,0.7197830904406146,-0.4999997271952452,-0.7499998804760253,-0.6051198699899487,0.49999970887438394,0.25000023841130314,0.3221223521977663,-1.2499998322164174,-1.249998834086,-0.2499996287515387,0.49999970887438394,0.25000008012284525,-2.249998586179572,-3.000001240945494,0.3026008514932528,0.02979426272213459,-0.2925335217196334,-1.5525996855792528,1.0,False,14.833333333333334
train:298_2,RERANK,both_wrong_same,False,-4.499999816529453,2.9999998612329364,2.2499998984858394,0.7499999552965164,4.745927813301023,0.0,0.2499999850988388,0.013537758961319923,0.9999997308477759,1.000000111758709,0.4035522025078535,0.2499998351559043,0.0,-0.010391225070634391,0.7499998575076461,1.25,0.36758764813566813,0.24999988917261362,0.5000001192092896,0.12303132032684516,0.0,0.0,0.028995766420848668,2.2499998984858394,2.24999931268394,0.0,0.0,0.0,4.499999211169779,-1.499999349936843,0.8837799458997324,0.04253352538216859,-2.4959279148151836,1.3662193667842075,1.0,False,14.833333333333334
test:10_0,TEST,repair,False,-0.7499999403953552,1.5,0.4999999403953552,1.0000000596046448,-1.226745192256658,-0.2500000596046448,-0.24999994039535522,-0.038781918585300446,0.7499999403953552,1.0000000596046448,0.3766275274392683,0.4999999403953552,1.0000000596046448,0.44922444901021663,-0.7500001192092896,-1.7499998286366463,-0.9644571315757275,-1.1920928955078125e-07,0.2500000596046448,0.01570712961802201,-5.960464477539063e-08,5.960464477539063e-08,0.015130085055716336,0.4999999403953552,0.49999964237213135,-0.2500000596046448,-5.960464477539063e-08,-0.25000011920928955,0.749999463558197,0.750000536441803,-0.1228980255082206,-0.02365183352958411,1.7267451326520131,0.622897667880352,0.0,True,1.9166666666666667
test:193_0,TEST,repair,False,-0.5,0.5,-0.2500000596046448,-0.75,-8.112550063837489,0.25,0.25,0.29756152629852295,2.7499999925494194,0.75,-0.45861691609025,2.0000000447034836,1.4999999701976776,4.030209685442969,-2.000000022351742,-3.7500000335276127,-1.6716904276690912,0.0,0.25,-0.048464568635608885,0.0,0.0,0.03941244704765268,-0.2500000596046448,2.750000014901161,0.25,0.0,0.25,2.7499999552965164,-2.2499999552965164,1.8514377730480192,0.3369739733461756,7.862550004232844,0.898562241853142,0.0,True,1.9166666666666667
test:207_0,TEST,repair,False,-0.9999999701976776,1.4999999105930328,0.4999999701976776,0.7499999403953552,2.05504679262458,-0.25000008940696716,-0.25,0.2768235206604004,-8.940696716308594e-08,0.7499999403953552,-0.009629828637116589,-5.960464477539063e-08,0.4999999403953552,-1.1413453913100966,0.0,-0.25,-0.000831440434922115,0.2499999701976776,0.24999994039535522,0.22359214258631255,-2.9802322387695312e-08,-0.25,0.03682060679420829,0.4999999701976776,0.24999982118606567,-0.25000008940696716,-2.9802322387695312e-08,-0.25000011920928955,0.49999967217445374,1.000000238418579,-0.9282145177958228,0.3136441274546087,-1.5550468224269025,1.1782143389818884,0.0,True,1.9166666666666667
test:238_0,TEST,repair,False,-0.25,2.7499999031424522,-0.7499999701976776,0.24999995529651642,0.16286258893455852,-0.25,-0.25000012293457985,-0.17030330002307892,0.0,1.9999999031424522,0.031180798228888307,0.7500000298023224,1.7499998435378075,0.08554028265643865,-0.25,0.7499999478459358,-0.3717914948865655,0.5,0.7499998584389687,0.5015205345898721,-0.25,-1.043081283569336e-07,-0.03041679150192067,-0.7499999701976776,1.0000000298023224,-0.25,-0.25,-0.5,-0.24999994039535522,2.9999998435378075,0.24645012058863358,-0.2007200915249996,-0.9128625591322361,0.7535499092136888,0.0,True,1.9166666666666667
test:245_0,TEST,repair,False,-2.7499999031424522,4.499999888241291,4.7499998435378075,4.000000081956387,-4.824325403045805,-8.195638656616211e-08,-1.4901161193847656e-08,-0.03912420943379402,-0.25000011175870895,0.7500000149011612,0.33493010186066385,1.4999999031424522,0.2500000149011612,1.3497694146353751,-0.25000013411045074,-0.7500000223517418,-0.173605199684971,-0.25000011175870895,-1.4901161193847656e-08,-0.17247755823518673,0.24999984353780746,1.4901161193847656e-08,0.19931487186113372,4.7499998435378075,0.7499995455145836,-8.195638656616211e-08,0.24999984353780746,0.2499997615814209,5.749999150633812,-1.249999262392521,1.3386167585758812,0.1601906624273397,9.574325246583612,-0.5886172130612977,0.0,True,1.9166666666666667
test:304_0,TEST,repair,False,-0.25,1.7499999403953552,-0.2499999701976776,-0.2500000149011612,-0.4596798016013963,0.0,-0.2500000596046448,0.023709416389465332,0.25,0.49999991059303284,0.49900462047480687,0.25,0.25,0.0843442661730478,0.75,0.24999991059303284,0.6181416839244775,0.5,0.7499999105930328,0.4832852944973638,-0.2499999701976776,-0.2500000298023224,-0.23154528392478824,-0.2499999701976776,1.75,0.0,-0.2499999701976776,-0.2499999701976776,1.2500000596046448,0.49999988079071045,1.684775865069696,-0.2078358675353229,0.2096798314037187,0.06522413493030399,0.0,True,1.9166666666666667
test:335_0,TEST,repair,False,-2.9999998956918716,5.249999918043613,-0.5000000037252903,0.24999996274709702,18.05886224818005,0.24999989569187164,0.2499999776482582,0.07084663957357407,1.4999998658895493,1.7500000521540642,1.219583148456877,2.4999998658895493,2.250000022351742,1.9564347908599302,1.7499998658895493,-7.450580596923828e-09,2.240672145431745,-0.2500000186264515,9.685754776000977e-08,-0.24125994068890577,0.24999995529651642,8.940696716308594e-08,0.09958984269178472,-0.5000000037252903,5.499999579042196,0.24999989569187164,0.24999995529651642,0.49999985098838806,5.499999426305294,-0.2499995082616806,5.175430144059646,0.1704364822653588,-18.55886225190534,0.32456943498254986,0.0,True,1.9166666666666667
test:346_0,TEST,repair,False,0.0,2.250000074505806,0.5,4.470348358154297e-08,-0.5865367974051878,0.0,0.0,-0.056059885770082474,1.4999999850988388,1.750000074505806,1.5012168061730335,0.5,0.25000007450580597,0.2860560721310321,0.0,-0.24999985098838806,-0.13382156933221268,0.5,0.7500000894069672,0.42099413084258686,-0.25,-0.24999986588954926,-0.18847201377502643,0.5,2.499999985098839,0.0,-0.25,-0.25,2.749999985098839,-0.49999991059303284,2.07444543981444,-0.2445318995451089,1.0865367974051878,0.42555454528439896,0.0,True,1.9166666666666667
test:379_0,TEST,repair,False,-1.2500000298023224,1.5000000298023224,0.5000000596046448,-0.2499999701976776,2.31581446514474,0.25000008940696716,-0.25,-0.012341340072453022,1.0000000298023224,1.0,0.8302413304218135,0.2500000596046448,0.0,0.1279439340328281,0.2500000298023224,0.5,0.15806039158712792,0.5000000298023224,0.75,0.2614720086894522,-0.25,-0.25,-0.33470720826881006,0.5000000596046448,2.000000149011612,0.25000008940696716,-0.25,8.940696716308594e-08,2.500000298023224,-1.0000002682209015,1.3777176647312217,-0.3470485483412631,-1.8158144055400953,0.6222824842803902,0.0,True,1.9166666666666667
test:483_0,TEST,repair,False,0.0,1.4999999701976776,-0.25,-0.750000074505806,2.5128303278343083,0.0,2.9802322387695312e-08,0.004784195218235254,1.2500000298023224,-7.450580596923828e-08,0.7726832516491413,0.75,0.25,-0.11465343076270074,0.7499999701976776,0.5,0.6234468929615105,0.5000000298023224,0.5000000298023224,0.39215159933701216,0.0,0.0,-0.15491809032391757,-0.25,3.2500000298023224,0.0,0.0,0.0,3.0000000298023224,-1.5000000596046448,1.6736283131849632,-0.1501338951056823,-2.7628303278343083,1.5763717166173592,0.0,True,1.9166666666666667
test:8_0,TEST,repair,False,-1.0000000298023224,2.0,1.0000000298023224,0.4999999701976776,-2.5143980470502356,5.960464477539063e-08,0.2500000298023224,-0.010685833171010017,0.7500000298023224,0.9999999701976776,0.7015494539955398,-0.49999991059303284,-0.2500000298023224,-0.001068930963810999,0.2500000298023224,-5.960464477539063e-08,0.2124978073143211,0.2499999701976776,0.49999991059303284,0.2620248895077566,-0.24999991059303284,-2.9802322387695312e-08,-0.09364630148047581,1.0000000298023224,0.7500001192092896,5.960464477539063e-08,-0.24999991059303284,-0.24999985098838806,1.5000002980232239,0.4999997019767761,1.1750032198538065,-0.10433213465148583,3.514398076852558,-0.42500310064451696,0.0,True,1.9166666666666667
test:92_0,TEST,repair,False,-0.9999999403953552,1.2499999403953552,0.2499999701976776,0.25,-3.4045839358559533,-0.2500000596046448,0.0,0.009824422188103199,0.7499999403953552,0.5,0.5288113974929729,0.0,0.0,0.4133043136243941,-0.25000008940696716,-0.2500000596046448,-0.15174198705790332,0.4999999403953552,0.75,0.39988494050339796,-0.25000008940696716,-0.2499999701976776,-0.29678174349828623,0.2499999701976776,0.9999997913837433,-0.2500000596046448,-0.25000008940696716,-0.5000001490116119,0.749999612569809,0.5000003278255463,1.1902586645628617,-0.28695732131018303,3.654583906053631,-0.19025887317911838,0.0,True,1.9166666666666667
test:141_0,TEST,regression,True,3.0000000596046448,-9.000000162050128,-1.0,-3.5000001844018698,5.185006114527823,-0.25000009685754776,-0.2500001317821443,-0.06806357949972153,-6.250000040978193,-8.250000132247806,-2.3731614861026173,0.7499999608844519,1.9999996062833816,-0.05044867156539112,-1.0000001192092896,-2.5000000316649675,-1.332253480764166,0.24999995529651642,-3.1385570764541626e-07,0.33419530843093526,0.24999982491135597,0.7499998947605491,0.4138260393519886,-1.0,-6.2500002440065145,-0.25000009685754776,0.24999982491135597,-2.7194619178771973e-07,-7.250000515952706,-1.7499996460974216,-3.421668330001239,0.34576245985226706,-6.185006114527823,-2.8283319140052754,0.0,True,2.0
test:156_0,TEST,regression,True,2.000000074505806,-3.750000089406967,-2.7500001341104507,-1.000000074505806,-2.506221573667517,-1.4901161193847656e-08,0.49999988824129105,0.2768923044204712,1.2499998733401299,1.9999999906867743,4.93424690052052,-4.000000149011612,-2.250000014901161,-5.8238272378039255,-1.0000000447034836,-0.5000000149011612,-0.07336816760653164,0.749999862164259,0.4999999701976776,0.7156835654192264,-0.2500000447034836,4.470348358154297e-08,-0.057081731572452554,-2.7500001341104507,-3.0000004582107067,-1.4901161193847656e-08,-0.2500000447034836,-0.2500000596046448,-6.000000651925802,2.250000562518835,-0.2472649394707105,0.21981057284801864,-0.24377856044293367,-2.7527355187399962,0.0,True,2.0
test:159_0,TEST,regression,True,2.500000111758709,-4.750000067055225,-0.7500001713633537,-1.7499999552965164,-4.314221017569253,0.24999983608722687,0.25000015646219254,0.07566837966442108,-0.5000001713633537,-2.4999999552965164,-0.8433854724462435,-0.7500001564621925,-2.4999999552965164,-0.33621437358669937,0.24999995529651642,1.341104507446289e-07,0.03761940886033699,0.2499997913837433,-0.2500000149011612,0.1364727791515179,-0.2499999925494194,-5.21540641784668e-08,-0.04764479160076007,-0.7500001713633537,-0.7500005811452866,0.24999983608722687,-0.2499999925494194,-1.564621925354004e-07,-1.5000009089708328,-3.2499991580843925,-1.005507658021088,0.02802358806366101,3.564220846205899,0.25550707687580143,0.0,True,2.0
test:177_0,TEST,regression,True,0.25,-1.25,1.5000000149011612,1.0000001043081284,-5.264191756850778,0.25,0.2499999701976776,0.011399341747164726,-1.7499999701976776,5.960464477539063e-08,-0.19516580866184086,-1.75,-0.75,-1.1279248855134938,-1.0000000298023224,-0.5,-0.83104230788922,0.5000000298023224,0.7499999701976776,0.682103915271,-0.25,-0.2500000298023224,-0.11065012156905141,1.5000000149011612,-3.9999999701976776,0.25,-0.25,0.0,-2.4999999552965164,1.2499999552965164,-1.4720290867935546,-0.09925077982188668,6.764191771751939,-2.527970883404123,0.0,True,2.0
test:225_0,TEST,regression,True,2.4999999031424522,-3.249999962747097,-0.24999991059303284,-0.7500000596046448,-2.8326405373445596,0.2500002048909664,0.24999994039535522,0.2012002021074295,-0.2499999701976776,-1.2500000596046448,0.7044743010774255,-1.4999998733401299,-1.5000001192092896,-2.418193254212383,-0.7499998584389687,-1.0000000596046448,-1.2356655135245092,0.250000212341547,0.25,0.3523253926277903,0.2500002086162567,0.24999994039535522,0.06456736533436924,-0.24999991059303284,-2.249999489635229,0.2500002048909664,0.2500002086162567,0.5000004135072231,-1.9999989867210388,-1.2500009760260582,-2.5970590740316766,0.26576756744179875,2.5826406267515267,0.34705958439644746,0.0,True,2.0
test:31_0,TEST,regression,True,1.2500000596046448,-1.2500000596046448,-0.5000000894069672,0.5000000298023224,-0.13984530920538418,-5.960464477539063e-08,-0.25,-0.050009943544864655,0.24999994039535522,0.25,-0.12414650610480749,-0.5000000894069672,0.0,-0.5533417464175727,-1.2500000596046448,-1.2499999701976776,-0.969654855227418,-8.940696716308594e-08,-0.25,0.04864168810854608,-5.960464477539063e-08,0.0,-0.06833698746049777,-0.5000000894069672,-1.5000002980232239,-5.960464477539063e-08,-5.960464477539063e-08,-1.1920928955078125e-07,-2.0000005066394806,0.7500004470348358,-1.5985014196412521,-0.11834693100536242,-0.360154780201583,0.09850112161802826,0.0,True,2.0
test:33_0,TEST,regression,True,0.0,-5.500000204890966,-3.5,-5.000000264495611,10.916369100077645,-0.25,-0.25000028405338526,0.006645731162279844,1.4999999701976776,-0.75,1.2470059847360062,-1.25,-1.5000000912696123,-1.112998607197369,0.0,-0.25000000838190317,0.5268648273922736,0.0,-0.2500001536682248,0.09669048685464077,-0.25,-0.25000014062970877,-0.08180261054076254,-3.5,0.2499999701976776,-0.25,-0.25,-0.5,-3.7500000298023224,-1.750000175088644,0.7575626917855516,-0.0751568793784827,-14.416369100077645,-0.507562721587874,0.0,True,2.0
test:369_0,TEST,regression,True,0.5,-0.75,-0.2500000596046448,-0.5,-0.22466953638286213,5.960464477539063e-08,0.0,0.008560189977288246,0.25,-0.75,0.26144896350160707,0.24999994039535522,0.0,0.38954077634844,0.0,-0.5,-0.03494766794028692,0.5,0.25,0.22953240330480185,-0.25,-0.5,-0.2830532877705991,-0.2500000596046448,0.9999999403953552,5.960464477539063e-08,-0.25,-0.24999994039535522,0.4999999403953552,-1.2499999403953552,0.845574475214562,-0.2744930977933109,-0.02533052322178264,0.15442546518079325,0.0,True,2.0
test:371_0,TEST,regression,True,0.5,-1.7500000298023224,0.0,-0.2499999701976776,0.01054394065880615,0.0,0.24999992549419403,0.04613862186670303,-0.5,-0.5000000894069672,0.18799450721417088,0.5000000596046448,0.2500000298023224,0.23192099679772582,-1.25,-0.7500000596046448,-0.8033924317132914,-0.5,-0.5000000596046448,-0.48823328423713974,0.0,2.9802322387695312e-08,0.13621877998230048,0.0,-1.7499999403953552,0.0,0.0,0.0,-1.7499999403953552,-8.940696716308594e-08,-0.8717102119385345,0.1823574018490035,-0.01054394065880615,-0.8782897284568207,0.0,True,2.0
test:385_0,TEST,regression,True,0.4999999701976776,-1.7499999403953552,-0.2499999701976776,5.960464477539063e-08,-0.7894478752787109,2.9802322387695312e-08,-0.24999994039535522,0.014197396114468575,-0.9999999701976776,-1.2499999701976776,-1.002085822899062,0.25,-0.24999994039535522,0.22719846789550502,-0.2499999701976776,-0.25,-0.00589725180179812,-0.4999999701976776,-0.7499999403953552,-0.5686323962845563,0.25000008940696716,-2.9802322387695312e-08,0.08187672107305843,-0.2499999701976776,-1.4999999105930328,2.9802322387695312e-08,0.25000008940696716,0.25000011920928955,-1.499999761581421,-0.2500001788139343,-1.3494170030899113,0.09607411718752701,0.5394479050810332,-0.15058290750312153,0.0,True,2.0
test:394_0,TEST,regression,True,0.0,-9.249999527848559,-0.25,1.499999995545295,-1.6355533763526182,0.0,-0.2499996393598849,-0.09656942635774612,-1.7500000447034836,-2.749999463587301,-1.9226857491448754,-4.999999823980033,-6.249999539024429,-3.4743842815514654,-1.0000000298023224,-2.2499993481033016,-1.2998984227524488,-0.25,-0.9999992548546288,-0.07562490623422491,-0.25,-0.24999916246451903,-0.04695092741167173,-0.25,-7.999999898485839,0.0,-0.25,-0.25,-8.49999989848584,-0.7499996293627191,-6.772593359683015,-0.14352035376941785,1.3855533763526182,-1.2274065388028248,0.0,True,2.0
test:399_0,TEST,regression,True,0.75,-1.9999999403953552,-0.5,-0.5,-0.5456430538318955,-0.25,5.960464477539063e-08,-0.029599757865071297,-0.5,-0.7499999701976776,-0.30116433588409564,0.0,5.960464477539063e-08,-0.07297180737077724,-0.5,-0.9999999403953552,-0.4072070247239026,-0.5,-0.7499999403953552,-0.25902961675024017,0.2500000596046448,8.940696716308594e-08,0.1890392408822663,-0.5,-1.5,-0.25,0.2500000596046448,5.960464477539063e-08,-1.9999999403953552,0.0,-1.0403727847290156,0.15943948301719502,0.045643053831895486,-0.4596272152709844,0.0,True,2.0
test:416_0,TEST,regression,True,0.5,-1.5000000596046448,0.25,0.0,0.9061795212055586,0.0,-5.960464477539063e-08,0.017982684075832367,0.24999994039535522,-1.1920928955078125e-07,0.011170670528372284,-0.75,-2.0000000596046448,-0.39415491092950106,5.960464477539063e-08,-5.960464477539063e-08,-0.18698715325444937,-0.25,-0.75,-0.22909096644139026,0.25,-1.1920928955078125e-07,0.18091976351570338,0.25,-0.75,0.0,0.25,0.25,-0.25,-1.2500000596046448,-0.7990623600969684,0.19890244759153575,-0.6561795212055586,0.049062360096968405,0.0,True,2.0
test:470_0,TEST,regression,True,1.25,-5.000000009313226,-3.499999947845936,-3.7500000093132257,-0.3255814498975269,0.0,0.0,0.07923273742198944,-1.25,-0.5000000689178705,-1.1276707728029578,-1.0,-1.2500001285225153,-0.9998186265074764,0.5000000447034836,0.7499999701976776,0.6882937312911963,0.5,0.250000124797225,0.4066655743187084,-0.5,-0.5000000614672899,-0.4493568881007377,-3.499999947845936,-1.2499999552965164,0.0,-0.5,-0.5,-5.249999903142452,0.2499998938292265,-1.0325300937005295,-0.37012415067874826,-3.174418497948409,-0.2174698615959869,0.0,True,2.0
test:504_0,TEST,regression,True,0.5,-3.9999999310821295,2.2499999962747097,2.7500002610031515,9.349942982022185,0.5,0.0,-0.0473904125392437,0.0,-1.499999886378646,-3.6295291941205505,-3.0000000968575478,-2.9999999310821295,-3.997561771364417,-1.75,-4.249999901279807,-1.3034716411057161,-0.25,-0.7499999348074198,-0.06055887838738272,0.2499999701976776,0.24999995715916157,0.31676166638499126,2.2499999962747097,-5.000000096857548,0.5,0.2499999701976776,0.7499999701976776,-2.0000001303851604,-1.999999800696969,-8.991121484978066,0.26937125384574756,-7.099942985747475,3.9911213881205185,0.0,True,2.0
test:509_0,TEST,regression,True,2.749999910593033,-3.7499998807907104,-1.7499999403953552,-0.9999999701976776,-4.996025191134777,1.2665987014770508e-07,2.9802322387695312e-08,-0.017511490732431412,-1.2499999105930328,-2.0,0.03115677357709501,8.940696716308594e-08,-0.24999991059303284,0.308414984960109,-0.24999991059303284,-0.4999999701976776,-0.0225630053828354,0.25000010430812836,-0.24999994039535522,0.0427167656707752,0.2500000558793545,8.940696716308594e-08,0.10210011054005008,-1.7499999403953552,-1.2499996274709702,1.2665987014770508e-07,0.2500000558793545,0.2500001825392246,-2.7499993853271008,-1.0000004954636097,0.3597255188251438,0.08458861980761867,3.2460252507394216,-1.609725146296114,0.0,True,2.0
test:515_0,TEST,regression,True,0.9999999701976776,-1.4999999701976776,0.5000000447034836,-1.5,17.422150987940313,2.9802322387695312e-08,0.25,0.065627820789814,-0.49999991059303284,-1.5,-0.33032695767178666,0.5,0.0,-0.2351582847586542,2.9802322387695312e-08,-0.5,-0.390250977325195,0.0,1.1920928955078125e-07,0.1513627410022309,-0.25,-0.25,-0.3119398678536527,0.5000000447034836,1.1920928955078125e-07,2.9802322387695312e-08,-0.25,-0.2499999701976776,0.2500001937150955,-1.7500001639127731,-0.8043734787534049,-0.2463120470638387,-16.92215094323683,0.8043735979626945,0.0,True,2.0
test:56_0,TEST,regression,True,0.7500000298023224,-1.2500000298023224,-2.0000000298023224,-2.4999998956918716,-1.255071391025922,-0.25,0.0,-0.03863273561000824,0.24999994039535522,0.4999999403953552,0.30294124841020675,0.2499999701976776,1.2499999850988388,0.016274341687676497,-5.960464477539063e-08,0.75,-0.08308471329110034,0.24999994039535522,0.4999999701976776,0.3334387257345952,-0.5000000298023224,-0.5,-0.32339802919887006,-2.0000000298023224,0.7499997913837433,-0.25,-0.5000000298023224,-0.7500000298023224,-2.0000002682209015,0.7500002384185791,0.5695696025413781,-0.3620307648088783,-0.7449286387764005,0.18043018884236517,0.0,True,2.0
test:69_0,TEST,regression,True,1.4999999403953552,-2.999999925494194,-1.7499999403953552,-1.7499999850988388,-2.3098756612307625,-0.24999988079071045,5.960464477539063e-08,-0.22754140198230743,-1.9999999403953552,-1.2499999850988388,-1.651583691695123,-0.4999999403953552,-0.7499999850988388,-0.6548160595775698,0.5000000149011612,0.7499999925494194,0.3199195748420607,0.7500001043081284,0.7500000074505806,0.7601743756968062,4.470348358154297e-08,-1.4901161193847656e-08,0.09059543791227043,-1.7499999403953552,-1.249999761581421,-0.24999988079071045,4.470348358154297e-08,-0.24999983608722687,-3.249999538064003,0.24999961256980896,-1.226305800733826,-0.136945964070037,0.5598757208354073,-0.023693960847595008,0.0,True,2.0
test:127_0,TEST,both_wrong_diff,False,-1.5000000596046448,0.9999999403953552,-0.24999982118606567,0.7499998807907104,-0.7277475946842742,0.0,-0.25,-0.036498118191957474,-5.960464477539063e-08,0.24999988079071045,-0.10123224974086042,0.25000011920928955,0.9999998807907104,0.6857761257160746,-0.7499999403953552,-1.1920928955078125e-07,-0.6128378701105248,0.24999994039535522,0.49999988079071045,0.250212191233004,5.960464477539063e-08,0.24999988079071045,0.15476573549676687,-0.24999982118606567,-0.24999994039535522,0.0,5.960464477539063e-08,5.960464477539063e-08,-0.4999997019767761,1.4999996423721313,0.22191819709769334,0.11826761730480939,0.4777477734982085,-0.47191813749304856,0.0,True,2.0
test:223_0,TEST,both_wrong_diff,False,-5.3750001564621925,1.1250001564621925,1.625000260770321,1.8749999105930328,0.4684092462557601,-0.12499996274709702,0.0,-0.24107199907302856,-1.7499998956918716,-1.125000238418579,-0.678997584966055,1.5000002160668373,1.3750001192092896,0.8252635560638737,0.3750002756714821,2.086162567138672e-07,0.1701938150654314,-1.0000000409781933,-1.000000238418579,-0.9688081829599469,0.2500000484287739,0.5,0.31162222393322736,1.625000260770321,-0.8749994449317455,-0.12499996274709702,0.2500000484287739,0.12500008568167686,0.8750009015202522,0.2499992549419403,-0.6523483967966968,0.0705502248601988,1.1565910145145608,-0.22265104813504877,0.0,True,2.0
test:23_0,TEST,both_wrong_diff,False,-0.25,1.0,0.25,0.5,-0.5268304768022745,0.0,0.0,0.012835972011089325,0.5,0.5,0.2631692534181411,-0.25,0.25,0.05394722646451555,-0.25,0.25,-0.17498760059788765,0.0,0.0,-0.05888425401326458,0.0,0.25,0.2295438116798323,0.25,0.0,0.0,0.0,0.0,0.25,0.75,0.08324462527150445,0.2423797836909216,0.7768304768022745,-0.08324462527150445,0.0,True,2.0
test:258_0,TEST,both_wrong_diff,False,-6.250000178813934,-2.749999701976776,1.0000003576278687,0.25,-0.06224676154943154,1.1920928955078125e-07,-0.25000011920928955,-0.0385843925178051,0.24999994039535522,-0.9999994039535522,-0.715481546256342,0.5000001788139343,-0.9999998807907104,-0.21710279924445786,-0.7499997615814209,-2.4999998807907104,-1.648830555684981,-0.9999997019767761,-0.9999994039535522,-1.063770404594834,0.12500035762786865,0.24999964237213135,0.14162968494929373,1.0000003576278687,-0.9999993443489075,1.1920928955078125e-07,0.12500035762786865,0.1250004768371582,0.12500149011611938,-2.8750011920928955,-3.6451853057806147,0.10304529243148863,1.0622471191773002,2.6451859614317073,0.0,True,2.0
test:338_0,TEST,both_wrong_diff,False,-0.25,0.75,0.25,1.5,1.0859792694548105,0.0,0.25,0.030444685369729996,0.25,0.5,-0.009829932590946555,-1.5000000596046448,-1.2499999403953552,-1.2606589656788856,0.5,0.5,0.6183932485473633,0.7500000596046448,0.9999999403953552,0.6226958939477072,-5.960464477539063e-08,0.25,-0.10255204635905102,0.25,0.0,0.0,-5.960464477539063e-08,-5.960464477539063e-08,0.24999994039535522,0.5000000596046448,-0.029399755774761616,-0.07210736098932102,-0.8359792694548105,0.029399755774761616,0.0,True,2.0
test:345_0,TEST,both_wrong_diff,False,-2.2499998807907104,-0.2500001788139343,0.4999999403953552,0.4999999403953552,-0.38738430302873894,-1.7881393432617188e-07,-0.25,-0.019230281934142113,-0.7500001192092896,0.24999982118606567,-0.7724503341341915,-0.5,-0.25,-0.5333673072382226,-1.1920928955078125e-07,0.24999992549419403,0.16128618184666266,-0.2500001788139343,-0.2500000596046448,-0.2543043690275226,-0.5000001788139343,-0.4999999403953552,-0.30830546631477773,0.4999999403953552,-1.5000004172325134,-1.7881393432617188e-07,-0.5000001788139343,-0.5000003576278687,-1.5000008344650269,1.2500006556510925,-1.398835828553274,-0.32753574824891984,0.8873842434240942,-0.10116458867923939,0.0,True,2.0
test:350_0,TEST,both_wrong_diff,False,-2.75,0.25000011920928955,0.7500001192092896,1.0000000894069672,-0.9558752881705459,0.0,-0.24999988079071045,-0.06543600559234619,0.49999989569187164,0.24999988079071045,-0.47846617801405955,0.5000000596046448,1.2500000596046448,0.23845168051775545,-1.499999776482582,-2.4999998807907104,-1.16340521087659,-0.25000011920928955,-0.24999988079071045,-0.17231598774560553,0.24999991059303284,1.1920928955078125e-07,0.2857470049930271,0.7500001192092896,-0.7499999403953552,0.0,0.24999991059303284,0.24999991059303284,0.25000008940696716,2.9802322387695312e-08,-1.5757356961184996,0.22031099940068088,1.7058754073798355,0.8257357557231444,0.0,True,2.0
test:418_0,TEST,both_wrong_diff,False,-4.0000001192092896,-0.7499998807907104,0.7500002384185791,1.0000001788139343,-3.488099579473783,1.1920928955078125e-07,0.2500000596046448,-0.0333743691444397,-0.49999991059303284,-0.24999994039535522,-0.37964027721318416,-0.24999994039535522,0.5000002384185791,-0.2771580755506875,-0.9999997615814209,-0.9999997615814209,-1.0896702214608354,3.5762786865234375e-07,0.2499997615814209,0.12126741291285725,0.2500000596046448,0.25,0.05876345778233372,0.7500002384185791,-1.7499992549419403,1.1920928955078125e-07,0.2500000596046448,0.2500001788139343,-0.7499988377094269,-1.043081283569336e-06,-1.6252011613118498,0.02538908863789402,4.238099817892362,-0.12479809363009053,0.0,True,2.0
test:492_0,TEST,both_wrong_diff,False,-7.500000226311386,3.500000107102096,2.2500000772997737,2.2499996535480022,-2.7521598428902507,-0.2499998826533556,-2.980232238769531e-07,-0.014458761550486088,2.500000043772161,3.0000001192092896,0.439364240210125,-1.2499999711290002,-1.7500000894069672,-1.910679649678059,-0.49999957624822855,-0.25,-1.2390813464735402,-0.24999984353780746,-0.5000002384185791,-0.48296386512811296,0.2500001732259989,0.2500000596046448,0.269169207487721,2.2500000772997737,0.5000006528571248,-0.2499998826533556,0.2500001732259989,2.905726432800293e-07,2.750001020729542,0.7499990863725543,-3.193360621069587,0.2547104459372349,5.002159920190024,3.693361273926712,0.0,True,2.0
test:85_0,TEST,both_wrong_diff,False,-10.499999687075615,-2.7500001341104507,0.24999934434890747,0.2499999701976776,3.6427923945293514,-8.195638656616211e-08,-1.7881393432617188e-07,-0.0706421360373497,-2.5000004321336746,-1.8749997913837433,-2.564463614437045,-0.5000007301568985,-0.3749995231628418,-0.8144704548249138,0.6249992400407791,0.7500006258487701,-0.16916175769802066,-0.2500002309679985,-0.3749997615814209,-0.6359416119521484,-0.37500033527612686,-0.5,-0.42402368504554033,0.24999934434890747,-2.6250021532177925,-8.195638656616211e-08,-0.37500033527612686,-0.3750004172325134,-2.7500032261013985,3.0919909477233887e-06,-4.184037438912128,-0.49466582108289003,-3.392793050180444,1.5590352856943355,0.0,True,2.0
test:3_0,TEST,both_correct,True,4.500000199303031,2.749999933876097,0.7499998938292265,0.9999999393476173,-16.121171496110037,-2.952292561531067e-07,0.24999995558755472,-0.11944343894720078,0.999999912455678,0.9999999309657142,-3.973867810360389,-0.5000000093132257,0.2500003128661774,-0.18318627553526312,0.500000033993274,1.2500001641456038,1.044489588086435,0.24999988451600075,0.5000002814922482,0.32479824246001954,0.24999984819442034,0.0,0.18636397004593164,0.7499998938292265,1.249999821651727,-2.952292561531067e-07,0.24999984819442034,0.24999955296516418,2.2499992684461176,0.5000006654299796,-2.7877662553491973,0.06692053109873086,16.871171389939263,4.037766077000924,0.0,False,36.833333333333336
test:362_0,TEST,both_correct,True,1.5,4.750000203959644,1.000000111758709,1.250000131316483,1.8301078897318348,-2.9802322387695312e-08,-0.24999988172203302,-0.008789806626737118,1.5000000670552254,2.250000341795385,0.8192695006000577,0.2500000149011612,0.5000003420282155,0.4533325880929624,1.0000000968575478,0.999999972525984,0.8824926925890395,-0.2500000298023224,3.350432962179184e-07,-0.13839227987864433,0.2500000149011612,0.250000424683094,0.16418833460193127,1.000000111758709,2.500000149011612,-2.9802322387695312e-08,0.2500000149011612,0.2499999850988388,3.7500002458691597,0.9999999580904841,2.0167025014034152,0.15539852797519416,-0.8301077779731258,0.4832976476081967,0.0,False,36.833333333333336
test:47_0,TEST,both_correct,True,2.2499999403953552,1.0000000186264515,-0.9999999701976776,-1.2499998528510332,-2.8014174667491716,1.4901161193847656e-07,-0.5000001154839993,-0.00169989257119596,1.2500001452863216,1.000000063329935,0.6639293803057171,0.25,-7.450580596923828e-08,0.6430398411102942,0.5000000521540642,0.24999986961483955,0.39056374521533144,8.940696716308594e-08,-9.685754776000977e-08,-0.06423287393022292,0.4999999925494194,-1.4901161193847656e-08,0.2534982791985385,-0.9999999701976776,2.000000286847353,1.4901161193847656e-07,0.4999999925494194,0.5000001415610313,1.5000004582107067,-0.5000004395842552,1.6333000927011199,0.25179838662734255,1.801417496551494,0.3667001941462331,0.0,False,36.833333333333336
test:36_0,TEST,both_correct,True,2.9999999664723873,-1.2499999664723873,7.450580596923828e-09,-0.24999994039535522,-3.4778964861425266,1.4156103134155273e-07,-0.24999988079071045,0.040718432515859604,-0.7500000186264515,-1.2500000782310963,-0.5792515253851889,0.7499999962747097,4.470348358154297e-08,0.4290854334103642,-0.49999988451600075,-1.2500000856816769,-0.7512110628504161,0.5000001192092896,-2.9802322387695312e-08,0.3514521354190947,-7.82310962677002e-08,0.2500000298023224,0.03541754497564398,7.450580596923828e-09,2.123415470123291e-07,1.4156103134155273e-07,-7.82310962677002e-08,6.332993507385254e-08,2.8312206268310547e-07,-1.25000024959445,-0.549925019406146,0.07613597749150358,3.477896493593107,0.549925231747693,0.0,False,36.833333333333336
test:547_0,TEST,both_correct,True,11.749999761612344,1.2499998807622887,0.24999976156959747,0.7499996423632638,4.998619485494601,0.0,0.24999964237053973,0.15418197214603424,0.500000238399025,1.7499992846621808,0.9272623635770287,-0.49999940389989206,0.24999964237053973,-0.4747700181324035,-0.4999995231073626,0.24999964237053973,-0.3254090665561762,0.500000238399025,0.24999964237053973,0.6320953025424387,-0.24999940393354336,-0.2500004768362487,-0.40730824577622116,0.24999976156959747,1.5497907952521928e-06,0.0,-0.24999940393354336,-0.24999940393354336,1.9074268493568525e-06,1.2499979733354394,0.7591785814308878,-0.2531262736301869,-4.748619723925003,-0.7591770316400925,0.0,False,36.833333333333336
test:211_0,TEST,both_correct,True,10.875000000240107,1.124999880573796,-2.3843313101679087e-07,3.576255949155893e-07,5.229987623224702,3.5762059269472957e-07,0.0,0.08041331171989441,0.624999999836291,0.6249998807247721,0.5336893358603447,-0.6250004760513548,-3.576255949155893e-07,-0.4734205059794476,-0.12500047678076953,-0.25000023841130314,0.2820277599603287,0.6249997613986125,0.750000238305347,0.6006038640989573,0.12500023839311325,-1.1920838005607948e-07,0.07662790094036609,-2.3843313101679087e-07,0.4999988084027791,3.5762059269472957e-07,0.12500023839311325,0.12500059601370594,0.624999165983354,0.5000007145904419,0.9429004539401831,0.1570412126602605,-5.229987861657833,-0.44290164553740397,0.0,False,36.833333333333336
test:39_0,TEST,both_wrong_same,False,-2.2499999403953552,1.9999999403953552,0.49999991059303284,0.0,0.51636085650307,1.4901161193847656e-08,0.0,0.039319004863500595,-1.1920928955078125e-07,0.0,-0.43339739045040915,0.2499999850988388,0.25,-0.09780084584781434,1.2499999403953552,1.4999999403953552,1.081653457829816,0.2500000149011612,0.2500000298023224,0.10435059357405407,-0.2500000521540642,-0.25,-0.20856699356227182,0.49999991059303284,1.7499998211860657,1.4901161193847656e-08,-0.2500000521540642,-0.250000037252903,1.9999996945261955,2.4586915969848633e-07,0.6548058151056466,-0.16924798869877122,-0.016360945910037117,1.095194006080419,0.0,False,43.166666666666664
test:76_0,TEST,both_wrong_same,False,-7.875000476837158,0.8750002980232239,-0.6249990463256836,-0.5,20.765233333981655,-0.2499997913837433,-1.7881393432617188e-07,-0.11549538373947144,0.3750007152557373,1.7500001788139343,0.7154132587311324,0.12500089406967163,0.8749998509883881,0.22888432949548587,0.7500004768371582,0.9999998807907104,0.3657231967372354,-0.624999463558197,-0.24999994039535522,-0.7783227320833248,-0.12499910593032837,-0.2500002384185791,-0.14032584428787231,-0.6249990463256836,0.6250026226043701,-0.2499997913837433,-0.12499910593032837,-0.37499889731407166,-0.37499532103538513,1.249995619058609,0.5316980528805288,-0.25582122802734375,-21.39023238030734,0.09330456972384127,0.0,False,43.166666666666664
test:377_0,TEST,both_wrong_same,False,-6.249999783700332,-0.2500004020985216,-0.25000035599805415,0.2500000022118911,-16.785508807385014,0.0,-1.0035000741481781e-07,-0.10281553864479065,-1.0000002753222361,0.24999984307214618,-0.7724376530095469,0.4999997441191226,1.000000020605512,0.4731533577578375,-0.2500001706648618,-0.7500003827735782,-0.1696121405257145,-0.2500002384185791,-7.078051567077637e-08,-0.25513492615209543,-2.046581357717514e-07,0.24999965191818774,-0.039502620173152536,-0.25000035599805415,-1.0000009402865544,0.0,-2.046581357717514e-07,-2.046581357717514e-07,-1.2500015009427443,1.0000010988442227,-0.7240313619295193,-0.14231815881794319,16.53550845138696,-0.27596957835703506,0.0,False,43.166666666666664
test:376_0,TEST,both_wrong_same,False,-2.500000014901161,-10.999999748499249,-6.3750001875450835,-3.4999994998361217,1.657003244421503,0.24999991059303284,-2.391243469901383e-07,-0.004090950358659029,-3.749999789055437,-2.6249993790115695,-1.753474328579614,2.9999999552965164,0.3750003559707693,3.355480116340914,-3.999999896157533,-1.7499998601706466,-5.47486031682638,-0.7499998956918716,-2.249999995670805,-0.8621469628853085,0.2499999701976776,0.2500004768080544,0.23254525347147137,-6.3750001875450835,-5.499999625608325,0.24999991059303284,0.2499999701976776,0.49999988079071045,-11.374999932362698,0.3750001838634489,-4.735001491950388,0.22845430311281234,-8.032003431966587,-0.7649981336579366,0.0,False,43.166666666666664
test:94_0,TEST,both_wrong_same,False,-12.749999880795258,0.24999976157914716,0.49999999999272404,1.7500002384119284,1.7227828537179448,-0.24999964237031236,0.24999988078798197,-0.15492378175258636,-1.7499996423676976,-1.499999761446361,-1.24938883546929,1.0000002383912943,1.2499997615751681,2.0336779171339003,-0.3749998807884367,0.4999995231585217,-0.8275269004006987,-0.5000002384156232,-1.1920883480343036e-07,-0.5249796068528667,-0.5000001192065611,-0.5000005960341696,-0.4316342417150736,0.49999999999272404,-1.6249995231804633,-0.24999964237031236,-0.5000001192065611,-0.7499997615768734,-1.8749992847646126,2.12499904634376,-0.5682174255889549,-0.58655802346766,-1.2227828537252208,-1.0567820975915083,0.0,False,43.166666666666664
test:497_0,TEST,both_wrong_same,False,-0.24999994039535522,-3.7500002309679985,1.9999999701976776,-1.000000100582838,4.705601795341863,0.24999994039535522,-0.25000025145709515,0.011124144308269024,-0.5000000894069672,-3.000000201165676,-0.315915759312702,-0.5000000298023224,-3.250000111758709,-0.7631574108963832,-0.5000000298023224,-1.2500001341104507,-0.4596624962931628,-5.960464477539063e-08,-0.250000175088644,-0.017275200014410075,-0.2500000596046448,-0.2500001173466444,-0.2576716289331671,1.9999999701976776,-1.5000002086162567,0.24999994039535522,-0.2500000596046448,-1.1920928955078125e-07,0.49999964237213135,-4.24999987334013,-1.556010866516658,-0.24654748462489806,-2.7056018251441856,0.056010657900401384,0.0,False,43.166666666666664
