seed,is_winner,RERANK_mean_t,RERANK_mean_lin,RERANK_mean_nonlin,RERANK_sd_t,RERANK_sd_lin,RERANK_sd_nonlin,RERANK_r,TEST_mean_t,TEST_mean_lin,TEST_mean_nonlin,TEST_sd_t,TEST_sd_lin,TEST_sd_nonlin,TEST_r,gap_t,gap_lin,gap_nonlin
9504111,True,0.27596030235290525,0.8054085,-0.5294482481916202,2.719832143486015,10.889517,10.859600301273003,0.13586717918699212,-0.2951945714559572,-1.046374,0.7511794712733139,2.6633296731562375,16.252787,16.2910060672229,0.0675677279266349,0.5711548738088624,1.8517824,-1.280627719464934
9500059,False,-0.048669652938842775,-0.042221796,-0.006447860981570557,2.7495628230750464,8.371156,8.175027562470127,0.23472330474450448,-0.15991753222895602,0.43771347,-0.5976311208849604,2.011300426134124,10.393598,10.376021755957193,0.10548793277144845,0.11124787929011325,-0.47993526,0.5911832599033898
9503167,False,-0.2114317798614502,-1.5128413,1.3014094908023253,2.1663383515167305,14.428263,14.349698428480195,0.11123942246411606,-0.12689569374669257,0.33494538,-0.4618410945302639,1.9506401236270665,11.171297,11.125323669722679,0.11082601672713178,-0.08453608611475763,-1.8477867,1.7632505853325893
9500127,False,0.5703696823120117,0.25201118,0.3183584428392351,2.217518588932436,8.508028,8.489091745037605,0.1388487859414881,0.006098204968022365,0.31757918,-0.3114810341125796,2.550817091639692,10.483288,10.219259928518568,0.22386480228973882,0.5642714773439893,-0.065568,0.6298394769518147
9502563,False,0.37984018325805663,0.4764663,-0.09662604924291372,2.4399944465654,8.466631,8.156139788986003,0.2690123903811767,-0.05538606218688203,0.010518365,-0.06590440449406146,2.3427563158427267,8.129225,7.706365312929329,0.3198966355339813,0.43522624544493865,0.46594793,-0.030721644748852264
9502995,False,0.0647538185119629,-0.30139974,0.36615353313391097,2.2039168561089366,7.996378,8.051515901556252,0.11270281037419501,-0.021983773950586982,-0.43736482,0.4153810257487225,2.2176968256754277,9.719537,9.654454466716812,0.14333289980462913,0.08673759246254988,0.13596508,-0.04922749261481152
9503539,False,0.46230207443237303,0.05198691,0.410315186008811,2.406194699963703,5.539186,5.281451806305871,0.32181826732130586,-0.10789870535838625,-0.85597956,0.7480808249438171,1.8827730141187424,8.965071,8.741746399667152,0.22214354301323408,0.5702007797907593,0.9079665,-0.3377656389350061
9501135,False,0.03140912055969238,-0.22698806,0.2583972587436438,2.943742399158158,8.233551,8.452460425215174,0.10341201869917668,-0.20032227188083152,-0.17413914,-0.026183180984129563,2.4983892790395843,13.049324,12.874007120491342,0.1654298212860495,0.2317313924405239,-0.05284892,0.28458043972777336
9502423,False,0.76345853805542,0.71717316,0.04628550994209945,2.506977605558585,10.3053465,10.452192383251944,0.06264305197191726,0.14176745423233658,0.08809908,0.05366843011489208,2.0575087866701374,12.345547,12.340520812782284,0.08577238998715164,0.6216910838230834,0.6290741,-0.007382920172792629
9500271,False,0.25673590660095214,-0.35664093,0.6133768556825817,2.5594436198347426,7.412733,7.208657078791605,0.25127523475702324,-0.008888843012791053,-0.3690824,0.36019355858511787,2.2973481190219585,9.833272,9.608442909239548,0.21356088827339514,0.26562474961374316,0.012441456,0.25318329709746384
9501023,False,0.2515530490875244,0.24788241,0.0036705841618822886,2.4235125041790497,10.753794,10.616780317114074,0.1688568401911152,0.08924610729523522,0.014573979,0.07467213988162198,2.1465417868138768,10.45796,10.554757015355358,0.05732391805544853,0.1623069417922892,0.23330843,-0.07100155571973969
9504179,False,0.5556135940551757,-0.732217,1.2878305405145511,2.2676936791774307,7.269154,6.924844999367487,0.3042170414332088,0.07024394084638028,1.0413324,-0.971088397172205,1.9750851231643276,18.131094,18.106463015399353,0.06692883625567814,0.48536965320879544,-1.7735493,2.2589189376867562
9504827,False,-0.28523606300354004,-0.86487746,0.5796414794400334,2.2243926704540926,8.987648,8.735910184240515,0.2353340732728135,0.11418299751485733,-0.6083988,0.7225817194311844,2.335532968935023,17.008131,16.937965417242264,0.09863974490220832,-0.3994190605183974,-0.25647867,-0.14294023999115102
